.thisRepN,.thisTrialN,.thisN,.thisIndex,thisRow.t,notes,LocalTime_DDMMYY_HMS,lab,mode,participant,gender,age,handed,intruct_lang,loc_quad,trial,start_position,trial_direction,catch_trial,t_stim_1,t_stim_2,t_stim_3,t_stim_4,experiment_time_s,key_pressed,press_time,t_trial,block,attention,expected,recalibrated,
0,-1,-1,0,,,19/3/2024_10:8:36,none,default,321,Male,554,left,English,0,1,3,1,0,463.9850999956252,1056.526100001065,1736.4377999983844,2419.223500000953,15.613189099996816,None,None,3041.3387000007788,1,attended,regular,0.0,
0,-1,-1,0,,,19/3/2024_10:8:39,none,default,321,Male,554,left,English,0,2,3,1,0,540.3967000020202,1169.5932000002358,1801.89600000449,2437.828599999193,18.662542499994743,None,None,3044.6265999999014,1,attended,regular,0.0,
0,-1,-1,0,,,19/3/2024_10:8:42,none,default,321,Male,554,left,English,0,3,3,0,0,590.674899998703,1180.1178000023356,1820.8009000009042,2457.7119999958086,21.731271099997684,None,None,3064.068400002725,1,attended,odd,0.0,
0,-1,-1,0,,,19/3/2024_10:8:45,none,default,321,Male,554,left,English,0,4,3,1,0,470.0273999987985,1118.8611000034143,1822.8893999985303,2442.072999998345,24.78694220000034,None,None,3051.7620999962674,1,attended,regular,0.0,
0,-1,-1,0,,,19/3/2024_10:8:48,none,default,321,Male,554,left,English,0,5,3,1,0,518.2359000027645,1122.1205000038026,1802.3975000032806,2373.132300002908,27.771531299993512,None,None,2979.3663999953424,1,attended,regular,0.0,
0,-1,-1,0,,,19/3/2024_10:8:51,none,default,321,Male,554,left,English,0,6,3,0,0,515.2487000013934,1143.1490000031772,1792.165799997747,2440.1891000015894,30.82100919999357,None,None,3046.5698999978486,1,attended,odd,0.0,
0,-1,-1,0,,,19/3/2024_10:8:54,none,default,321,Male,554,left,English,0,7,3,1,0,567.9738000035286,1197.853400000895,1863.9498999982607,2534.3818000037572,33.968683399994916,None,None,3142.162099997222,1,attended,regular,0.0,
0,-1,-1,0,,,19/3/2024_10:8:58,none,default,321,Male,554,left,English,0,8,3,1,0,483.4273999949801,1120.6613999966066,1798.7404999948922,2472.163999998884,37.05607500000042,None,None,3080.0453999981983,1,attended,regular,0.0,
0,-1,-1,0,,,19/3/2024_10:9:1,none,default,321,Male,554,left,English,0,9,3,0,0,461.2976999997045,1113.2395999957225,1718.3509999958915,2389.9852999966242,40.056927499994345,None,None,2997.3651000036625,1,attended,odd,0.0,
0,-1,-1,0,,,19/3/2024_10:9:4,none,default,321,Male,554,left,English,0,10,3,1,0,532.7440000037313,1225.5227999994531,1929.1404000032344,2581.8444000033196,43.249337399996875,None,None,3189.278899997589,1,attended,regular,0.0,
0,-1,-1,0,,,19/3/2024_10:9:7,none,default,321,Male,554,left,English,0,11,3,1,0,515.1201999979094,1106.8028999943635,1716.7191999978968,2388.4213999990607,46.2501398999957,None,None,2998.196699998516,1,attended,regular,0.0,
0,-1,-1,0,,,19/3/2024_10:9:10,none,default,321,Male,554,left,English,0,12,3,0,2,487.2432999982266,1092.4939000033191,1718.1905000034021,2356.308300004457,49.22165329999552,space,1643.0872999990243,2967.5283000033232,1,attended,odd,0.0,
0,-1,-1,0,,,19/3/2024_10:9:13,none,default,321,Male,554,left,English,0,13,3,1,0,485.7560999953421,1158.6366999981692,1818.9120999959414,2413.6874999967404,52.24676499999623,None,None,3020.1890999960597,1,attended,regular,0.0,
0,-1,-1,0,,,19/3/2024_10:9:16,none,default,321,Male,554,left,English,0,14,3,1,0,577.4030000029597,1186.0718000025372,1883.6363000009442,2485.084800006007,55.34492139999929,None,None,3091.7933999953675,1,attended,regular,0.0,
0,-1,-1,0,,,19/3/2024_10:9:19,none,default,321,Male,554,left,English,0,15,3,0,0,593.8666000001831,1166.0848999963491,1810.8123999991221,2467.232499999227,58.42346769999858,None,None,3074.0853999959654,1,attended,odd,0.0,
0,-1,-1,0,,,19/3/2024_10:9:22,none,default,321,Male,554,left,English,0,16,3,1,0,468.51069999684114,1135.6308999966132,1725.340099997993,2376.5060999940033,61.409941199999594,None,None,2982.7050999956555,1,attended,regular,0.0,
0,-1,-1,0,,,19/3/2024_10:9:25,none,default,321,Male,554,left,English,0,17,3,1,0,475.58679999929154,1051.241300003312,1628.8507999997819,2289.297900002566,64.30777779999335,None,None,2894.6447999987868,1,attended,regular,0.0,
0,-1,-1,0,,,19/3/2024_10:9:28,none,default,321,Male,554,left,English,0,18,3,0,0,535.1653000034275,1185.1997999983723,1872.1288000015193,2525.2273000005516,67.44233349999558,None,None,3131.351600000926,1,attended,odd,0.0,
0,-1,-1,0,,,19/3/2024_10:9:31,none,default,321,Male,554,left,English,0,19,3,1,0,545.6076999980723,1189.4720999989659,1821.4796999964165,2395.7518999959575,70.44789759999549,None,None,3002.650700000231,1,attended,regular,0.0,
0,-1,-1,0,,,19/3/2024_10:9:34,none,default,321,Male,554,left,English,0,20,3,0,0,523.3656000054907,1151.1920000048121,1794.330100005027,2414.1477000011946,73.47002029999567,None,None,3019.27479999722,1,attended,odd,0.0,
0,-1,-1,0,,,19/3/2024_10:10:4,none,default,321,Male,554,left,English,0,21,3,1,0,514.5899999988615,1195.5488000021433,1805.702999998175,2446.539099997608,104.0086633999963,None,None,3055.7170000029146,2,attended,regular,0.0,
0,-1,-1,0,,,19/3/2024_10:10:8,none,default,321,Male,554,left,English,0,22,3,0,0,541.4124999952037,1248.7312000012025,1936.4862000002177,2588.0123999959324,107.21210489999794,None,None,3197.480800001358,2,attended,odd,0.0,
0,-1,-1,0,,,19/3/2024_10:10:11,none,default,321,Male,554,left,English,0,23,3,1,0,467.386099997384,1065.7195999956457,1754.2153999966104,2451.1367000013706,110.27736849999928,None,None,3058.7801999936346,2,attended,regular,0.0,
0,-1,-1,0,,,19/3/2024_10:10:14,none,default,321,Male,554,left,English,0,24,3,1,0,589.543699999922,1235.3232000023127,1820.0607999970089,2398.361899999145,113.2887241999997,None,None,3006.4569000023766,2,attended,regular,0.0,
0,-1,-1,0,,,19/3/2024_10:10:17,none,default,321,Male,554,left,English,0,25,3,1,0,510.2530999938608,1149.095299995679,1725.895199997467,2406.8162999974447,116.30696309999621,None,None,3014.280700001109,2,attended,regular,0.0,
0,-1,-1,0,,,19/3/2024_10:10:20,none,default,321,Male,554,left,English,0,26,3,0,0,536.1964000039734,1192.2946000049706,1815.215000002354,2487.8489000038826,119.40246329999354,None,None,3092.9176000063308,2,attended,odd,0.0,
0,-1,-1,0,,,19/3/2024_10:10:23,none,default,321,Male,554,left,English,0,27,3,1,0,479.3904999969527,1098.971999999776,1690.8493999944767,2265.214399994875,122.27720810000028,None,None,2871.969599997101,2,attended,regular,0.0,
0,-1,-1,0,,,19/3/2024_10:10:26,none,default,321,Male,554,left,English,0,28,3,1,0,497.52750000334345,1116.539400005422,1690.5767999996897,2281.533400004264,125.1702754999933,None,None,2889.8827000011806,2,attended,regular,0.0,
0,-1,-1,0,,,19/3/2024_10:10:29,none,default,321,Male,554,left,English,0,29,3,0,0,520.7265999997617,1214.6199999988312,1896.1039999994682,2540.3186999974423,128.32052459999977,None,None,3147.5050000008196,2,attended,odd,0.0,
0,-1,-1,0,,,19/3/2024_10:10:32,none,default,321,Male,554,left,English,0,30,3,1,0,526.8400999993901,1141.2248999986332,1820.4483000008622,2427.638499997556,131.359383899995,None,None,3035.728700000618,2,attended,regular,0.0,
0,-1,-1,0,,,19/3/2024_10:10:35,none,default,321,Male,554,left,English,0,31,3,1,0,578.2226000010269,1265.5717000016011,1910.242300000391,2515.4506000035326,134.48637289999897,None,None,3122.308800004248,2,attended,regular,0.0,
0,-1,-1,0,,,19/3/2024_10:10:38,none,default,321,Male,554,left,English,0,32,3,0,0,515.146800004004,1180.5674000061117,1783.8823000056436,2360.9239000070374,137.45594819999678,None,None,2966.98589999869,2,attended,odd,0.0,
0,-1,-1,0,,,19/3/2024_10:10:41,none,default,321,Male,554,left,English,0,33,3,1,0,475.46049999800744,1105.5336999997962,1671.4217999979155,2265.6944999980624,140.33615799999825,None,None,2876.783899999282,2,attended,regular,0.0,
0,-1,-1,0,,,19/3/2024_10:10:44,none,default,321,Male,554,left,English,0,34,3,1,0,523.0079999964801,1145.442399996682,1756.0024999984307,2419.266199998674,143.36574629999814,None,None,3025.1872000008007,2,attended,regular,0.0,
0,-1,-1,0,,,19/3/2024_10:10:47,none,default,321,Male,554,left,English,0,35,3,0,0,540.6602000002749,1238.8467999990098,1853.7417000043206,2450.2327000009245,146.426235299994,None,None,3056.282799996552,2,attended,odd,0.0,
0,-1,-1,0,,,19/3/2024_10:10:50,none,default,321,Male,554,left,English,0,36,3,1,0,494.27969999669585,1082.8719999990426,1760.5994999976247,2412.434599995322,149.44915399999445,None,None,3018.920299997262,2,attended,regular,0.0,
0,-1,-1,0,,,19/3/2024_10:10:53,none,default,321,Male,554,left,English,0,37,3,1,0,545.4406999997445,1214.693800000532,1793.6470999993617,2414.6296000035363,152.47723339999357,None,None,3023.602799999935,2,attended,regular,0.0,
0,-1,-1,0,,,19/3/2024_10:10:56,none,default,321,Male,554,left,English,0,38,3,0,0,474.61589999875287,1051.6887999983737,1685.2182999937213,2374.949099998048,155.46363169999677,None,None,2981.693900001119,2,attended,odd,0.0,
0,-1,-1,0,,,19/3/2024_10:10:59,none,default,321,Male,554,left,English,0,39,3,0,0,456.41270000487566,1116.106800000125,1808.4837999995216,2489.0649000008125,158.56230119999964,None,None,3095.4619999974966,2,attended,odd,0.0,
0,-1,-1,0,,,19/3/2024_10:11:2,none,default,321,Male,554,left,English,0,40,3,1,0,459.858099995472,1028.41819999594,1670.0907999984338,2267.3409999988507,161.43878469999618,None,None,2874.0192000041134,2,attended,regular,0.0,
0,-1,-1,0,,,19/3/2024_10:11:9,none,default,321,Male,554,left,English,0,41,3,1,0,572.4804999990738,1209.5386999935727,1783.447799993155,2477.506600000197,168.03906269999425,None,None,3088.0003000056604,3,attended,regular,0.0,
0,-1,-1,0,,,19/3/2024_10:11:12,none,default,321,Male,554,left,English,0,42,3,1,0,515.5564000015147,1207.740300000296,1872.8770000016084,2511.1962000009953,171.1630032999965,None,None,3119.1266999958316,3,attended,regular,0.0,
0,-1,-1,0,,,19/3/2024_10:11:15,none,default,321,Male,554,left,English,0,43,3,0,0,466.9521000032546,1149.8168000034639,1740.5403000011574,2446.827600004326,174.22272419999354,None,None,3053.4561000022222,3,attended,odd,0.0,
0,-1,-1,0,,,19/3/2024_10:11:18,none,default,321,Male,554,left,English,0,44,3,1,0,515.8825999969849,1154.9242999972194,1810.5288000006112,2514.7907999999006,177.35115879999648,None,None,3123.219200002495,3,attended,regular,0.0,
0,-1,-1,0,,,19/3/2024_10:11:21,none,default,321,Male,554,left,English,0,45,3,1,0,486.17039999953704,1156.09509999922,1741.0061999980826,2371.138099995733,180.33160649999627,None,None,2977.338000004238,3,attended,regular,0.0,
0,-1,-1,0,,,19/3/2024_10:11:24,none,default,321,Male,554,left,English,0,46,3,0,0,479.06700000021374,1125.7082000010996,1823.0251999993925,2470.825899996271,183.4160899999988,None,None,3080.328500000178,3,attended,odd,0.0,
0,-1,-1,0,,,19/3/2024_10:11:27,none,default,321,Male,554,left,English,0,47,3,1,0,502.9316000000108,1146.381400001701,1746.1350000012317,2313.416999997571,186.3399833000003,None,None,2920.53379999561,3,attended,regular,0.0,
0,-1,-1,0,,,19/3/2024_10:11:30,none,default,321,Male,554,left,English,0,48,3,1,0,546.2781000023824,1141.6142000016407,1730.592500003695,2384.2437000057544,189.33509380000032,None,None,2990.7505000010133,3,attended,regular,0.0,
0,-1,-1,0,,,19/3/2024_10:11:33,none,default,321,Male,554,left,English,0,49,3,0,3,523.280599998543,1201.5266999951564,1884.9782999968738,2482.2490999940783,192.4319910999984,space,3018.8971999959904,3092.375499996706,3,attended,odd,0.0,
0,-1,-1,0,,,19/3/2024_10:11:36,none,default,321,Male,554,left,English,0,50,3,1,0,504.6771000052104,1084.3554000020958,1767.9984999995213,2345.688900000823,195.3917422999948,None,None,2955.563900002744,3,attended,regular,0.0,
0,-1,-1,0,,,19/3/2024_10:11:39,none,default,321,Male,554,left,English,0,51,3,1,0,471.3169000024209,1083.131899998989,1754.1571000037948,2411.152500004391,198.41303949999565,space,2083.682399999816,3017.371900001308,3,attended,regular,0.0,
0,-1,-1,0,,,19/3/2024_10:11:42,none,default,321,Male,554,left,English,0,52,3,0,0,601.7111000037403,1279.5052000001306,1914.4987000036053,2598.930600004678,201.62463239999488,space,2421.334900005604,3207.972600001085,3,attended,odd,0.0,
0,-1,-1,0,,,19/3/2024_10:11:45,none,default,321,Male,554,left,English,0,53,3,1,1,535.1901999965776,1112.7575999998953,1800.5741000015405,2427.2294999973383,204.66181599999982,space,1984.655100000964,3033.3823999972083,3,attended,regular,0.0,
0,-1,-1,0,,,19/3/2024_10:11:48,none,default,321,Male,554,left,English,0,54,3,1,0,489.20949999592267,1127.231500002381,1739.5040999981575,2417.73970000213,207.69376229999762,None,None,3025.4465999969398,3,attended,regular,0.0,
0,-1,-1,0,,,19/3/2024_10:11:51,none,default,321,Male,554,left,English,0,55,3,0,0,574.1702000013902,1218.8039000029676,1906.558499998937,2519.233200000599,210.8236803999971,None,None,3124.881699994148,3,attended,odd,0.0,
0,-1,-1,0,,,19/3/2024_10:11:54,none,default,321,Male,554,left,English,0,56,3,1,0,493.46849999710685,1191.9418999968912,1809.8873999988427,2414.4089999972493,213.8506500999938,space,2532.389100000728,3022.6551000014297,3,attended,regular,0.0,
0,-1,-1,0,,,19/3/2024_10:11:57,none,default,321,Male,554,left,English,0,57,3,1,0,552.575000001525,1228.93330000079,1804.9984000026598,2488.33050000394,216.9513139999981,None,None,3096.9886999955634,3,attended,regular,0.0,
0,-1,-1,0,,,19/3/2024_10:12:0,none,default,321,Male,554,left,English,0,58,3,0,0,487.73570000048494,1086.4463999969303,1659.5496000009007,2309.832400002051,219.8702395999935,None,None,2916.274399998656,3,attended,odd,0.0,
0,-1,-1,0,,,19/3/2024_10:12:4,none,default,321,Male,554,left,English,0,59,3,1,0,550.6282999995165,1235.4714999964926,1918.451699995785,2578.8902999993297,223.06142399999953,None,None,3188.1060999949113,3,attended,regular,0.0,
0,-1,-1,0,,,19/3/2024_10:12:7,none,default,321,Male,554,left,English,0,60,3,0,0,584.0745999958017,1227.6703999959864,1819.913599996653,2459.745699998166,226.13109989999793,None,None,3066.8205999972997,3,attended,odd,0.0,
0,-1,-1,0,,,19/3/2024_10:12:14,none,default,321,Male,554,left,English,0,61,3,1,0,498.41749999905005,1071.6120999932173,1719.6546999985003,2369.5658999931766,233.9954138999965,None,None,2979.500099994766,4,attended,regular,0.0,
0,-1,-1,0,,,19/3/2024_10:12:18,none,default,321,Male,554,left,English,0,62,3,0,0,542.8002999979071,1246.6378999961307,1936.780899995938,2591.1500999936834,237.20223049999913,None,None,3201.7067999986466,4,attended,odd,0.0,
0,-1,-1,0,,,19/3/2024_10:12:21,none,default,321,Male,554,left,English,0,63,3,1,0,595.6679000009899,1298.289799997292,1989.9439000000712,2670.604300001287,240.4856168999977,None,None,3277.3698000019067,4,attended,regular,0.0,
0,-1,-1,0,,,19/3/2024_10:12:24,none,default,321,Male,554,left,English,0,64,3,1,2,522.7440000016941,1150.9348999970825,1810.5335000000196,2468.543099996168,243.56661099999474,None,None,3076.7381000041496,4,attended,regular,0.0,
0,-1,-1,0,,,19/3/2024_10:12:27,none,default,321,Male,554,left,English,0,65,3,0,0,514.2674999951851,1136.0072999959812,1738.5938000006718,2324.7326999990037,246.49976179999794,None,None,2930.2699999971082,4,attended,odd,0.0,
0,-1,-1,0,,,19/3/2024_10:12:30,none,default,321,Male,554,left,English,0,66,3,1,0,509.50709999597166,1142.439099996409,1745.7891999947606,2338.510399997176,249.44907549999334,None,None,2946.2644000013825,4,attended,regular,0.0,
0,-1,-1,0,,,19/3/2024_10:12:33,none,default,321,Male,554,left,English,0,67,3,1,0,492.5902000031783,1178.1307999990531,1783.6671999975806,2371.838899998693,252.43066279999766,None,None,2978.4231999947224,4,attended,regular,0.0,
0,-1,-1,0,,,19/3/2024_10:12:36,none,default,321,Male,554,left,English,0,68,3,0,0,544.0075000005891,1240.6358000007458,1933.5109000021475,2549.0239999999176,255.59495239999524,None,None,3160.0504999951227,4,attended,odd,0.0,
0,-1,-1,0,,,19/3/2024_10:12:39,none,default,321,Male,554,left,English,0,69,3,1,0,500.5665999997291,1065.36000000051,1708.7096999966889,2382.190199998149,258.5897774999976,None,None,2990.5337000018335,4,attended,regular,0.0,
0,-1,-1,0,,,19/3/2024_10:12:42,none,default,321,Male,554,left,English,0,70,3,1,0,592.3144999978831,1169.080399995437,1849.1305999996257,2456.1210999963805,261.65901449999365,None,None,3062.827899993863,4,attended,regular,0.0,
0,-1,-1,0,,,19/3/2024_10:12:45,none,default,321,Male,554,left,English,0,71,3,0,0,594.6468999973149,1234.2653999949107,1889.7698000000673,2553.536299994448,264.82933489999414,None,None,3164.8667999979807,4,attended,odd,0.0,
0,-1,-1,0,,,19/3/2024_10:12:48,none,default,321,Male,554,left,English,0,72,3,1,0,503.0618999953731,1133.9803000009852,1810.350899999321,2415.2889999968465,267.8555878999978,None,None,3022.0238999972935,4,attended,regular,0.0,
0,-1,-1,0,,,19/3/2024_10:12:51,none,default,321,Male,554,left,English,0,73,3,1,0,551.899100006267,1197.946400003275,1797.3614000002271,2454.9685000019963,270.92062779999833,None,None,3062.085300000035,4,attended,regular,0.0,
0,-1,-1,0,,,19/3/2024_10:12:54,none,default,321,Male,554,left,English,0,74,3,1,0,473.28070000367006,1169.17100000137,1781.2902000005124,2401.69330000208,273.9324287999989,None,None,3007.823699997971,4,attended,regular,0.0,
0,-1,-1,0,,,19/3/2024_10:12:58,none,default,321,Male,554,left,English,0,75,3,0,0,510.64380000025267,1212.4154999983148,1886.1118999993778,2491.465999999491,277.03580689999944,None,None,3101.4827999970294,4,attended,odd,0.0,
0,-1,-1,0,,,19/3/2024_10:13:1,none,default,321,Male,554,left,English,0,76,3,1,0,577.8185999952257,1152.51089999947,1831.3064999965718,2420.451999998477,280.0665155999959,None,None,3028.3009999984642,4,attended,regular,0.0,
0,-1,-1,0,,,19/3/2024_10:13:4,none,default,321,Male,554,left,English,0,77,3,1,0,480.7488000005833,1106.8837999991956,1764.7864000027766,2457.89369999693,283.13335319999896,None,None,3063.3968000038294,4,attended,regular,0.0,
0,-1,-1,0,,,19/3/2024_10:13:7,none,default,321,Male,554,left,English,0,78,3,0,0,570.376399999077,1164.618499999051,1839.5552000001771,2539.561700003105,286.28623559999687,None,None,3149.110699996527,4,attended,odd,0.0,
0,-1,-1,0,,,19/3/2024_10:13:10,none,default,321,Male,554,left,English,0,79,3,0,0,562.6464000015403,1124.3415999997524,1730.5130999957328,2335.7487999965088,289.23270709999633,None,None,2944.00719999976,4,attended,odd,0.0,
0,-1,-1,0,,,19/3/2024_10:13:13,none,default,321,Male,554,left,English,0,80,3,1,0,596.905099999276,1235.8182000025408,1855.8898999981466,2502.2916000016266,292.3444810999936,None,None,3109.181299994816,4,attended,regular,0.0,
0,-1,-1,0,,,19/3/2024_10:13:20,none,default,321,Male,554,left,English,0,81,3,1,0,575.1843000034569,1138.9259999996284,1711.4397999976063,2313.6668000006466,299.8596638999952,None,None,2924.842300002638,5,attended,regular,0.0,
0,-1,-1,0,,,19/3/2024_10:13:23,none,default,321,Male,554,left,English,0,82,3,0,2,507.32020000577904,1134.9524000033853,1812.5957000011113,2486.999200002174,302.95848359999945,space,1572.8178999997908,3095.6898000004003,5,attended,odd,0.0,
0,-1,-1,0,,,19/3/2024_10:13:26,none,default,321,Male,554,left,English,0,83,3,1,0,492.376800000784,1078.7216000026092,1734.1225000054692,2419.002000002365,305.9886763999966,None,None,3026.84080000472,5,attended,regular,0.0,
0,-1,-1,0,,,19/3/2024_10:13:30,none,default,321,Male,554,left,English,0,84,3,1,0,571.5242000005674,1252.5401999955648,1960.0187999967602,2571.0058999975445,309.17324059999373,None,None,3181.3342000023113,5,attended,regular,0.0,
0,-1,-1,0,,,19/3/2024_10:13:33,none,default,321,Male,554,left,English,0,85,3,0,0,575.1899000024423,1147.4734000003082,1769.7553000034532,2428.8497000015923,312.2119578999991,None,None,3036.248500000511,5,attended,odd,0.0,
0,-1,-1,0,,,19/3/2024_10:13:36,none,default,321,Male,554,left,English,0,86,3,1,0,463.4851000009803,1136.9403999997303,1801.019599995925,2465.082099995925,315.2885688999959,None,None,3073.8168000025325,5,attended,regular,0.0,
0,-1,-1,0,,,19/3/2024_10:13:39,none,default,321,Male,554,left,English,0,87,3,1,0,533.4787999963737,1122.4944999994477,1751.741399995808,2443.4103000021423,318.34076999999525,None,None,3049.848700000439,5,attended,regular,0.0,
0,-1,-1,0,,,19/3/2024_10:13:42,none,default,321,Male,554,left,English,0,88,3,0,0,541.9562000024598,1211.6145999971195,1851.3164999967557,2431.81149999873,321.3825715999992,None,None,3039.0587999936542,5,attended,odd,0.0,
0,-1,-1,0,,,19/3/2024_10:13:45,none,default,321,Male,554,left,English,0,89,3,1,0,534.4901999997091,1203.6110999979428,1787.4053999985335,2424.223300004087,324.4188776999945,None,None,3032.670299995516,5,attended,regular,0.0,
0,-1,-1,0,,,19/3/2024_10:13:48,none,default,321,Male,554,left,English,0,90,3,1,0,581.5642000015941,1196.979400003329,1884.4654999993509,2483.2433000046876,327.5102218999964,None,None,3088.1363000007696,5,attended,regular,0.0,
0,-1,-1,0,,,19/3/2024_10:13:51,none,default,321,Male,554,left,English,0,91,3,0,0,468.63500000472413,1031.2311000016052,1693.7503000008292,2277.7969000017038,330.4016171999974,None,None,2888.201100002334,5,attended,odd,0.0,
0,-1,-1,0,,,19/3/2024_10:13:54,none,default,321,Male,554,left,English,0,92,3,1,0,571.1645999981556,1238.906799997494,1818.8755000010133,2436.5414999992936,333.45064479999564,None,None,3045.8590000052936,5,attended,regular,0.0,
0,-1,-1,0,,,19/3/2024_10:13:57,none,default,321,Male,554,left,English,0,93,3,1,0,525.081499996304,1149.656599998707,1820.1946999979555,2513.1478999974206,336.57803059999424,None,None,3124.1577999971923,5,attended,regular,0.0,
0,-1,-1,0,,,19/3/2024_10:14:0,none,default,321,Male,554,left,English,0,94,3,1,0,533.8367000003927,1232.8193000066676,1892.5646000061533,2581.7128000053344,339.7715795999975,None,None,3191.0920000009355,5,attended,regular,0.0,
0,-1,-1,0,,,19/3/2024_10:14:3,none,default,321,Male,554,left,English,0,95,3,0,0,468.55800000048475,1147.28119999927,1775.2038999969955,2395.655300002545,342.7759398999988,None,None,3000.1504000028945,5,attended,odd,0.0,
0,-1,-1,0,,,19/3/2024_10:14:6,none,default,321,Male,554,left,English,0,96,3,1,0,541.2022000018624,1174.2139999987558,1782.8879000007873,2397.300399999949,345.7841128999935,None,None,3005.160299995623,5,attended,regular,0.0,
0,-1,-1,0,,,19/3/2024_10:14:9,none,default,321,Male,554,left,English,0,97,3,1,0,551.7945000028703,1181.1123000006774,1787.3076000032597,2420.104500000889,348.81780729999446,None,None,3028.9485000030254,5,attended,regular,0.0,
0,-1,-1,0,,,19/3/2024_10:14:12,none,default,321,Male,554,left,English,0,98,3,0,0,576.6393000012613,1223.7066000016057,1901.209600000584,2535.276499998872,351.96430159999727,None,None,3140.817999999854,5,attended,odd,0.0,
0,-1,-1,0,,,19/3/2024_10:14:16,none,default,321,Male,554,left,English,0,99,3,0,0,545.465500006685,1195.1336000056472,1890.2751000059652,2479.163800002425,355.0555563999951,None,None,3086.401799999294,5,attended,odd,0.0,
0,-1,-1,0,,,19/3/2024_10:14:19,none,default,321,Male,554,left,English,0,100,3,1,0,468.7188000025344,1155.3811000048881,1861.6498000046704,2534.0597000031266,358.20239779999974,None,None,3142.9343999989214,5,attended,regular,0.0,
0,-1,-1,0,,,19/3/2024_10:14:26,none,default,321,Male,554,left,English,0,101,1,1,3,529.9479000022984,1213.4656999987783,1892.0597000033013,2564.306899999792,365.29244769999787,None,None,3171.7986000003293,6,attended,regular,0.0,
0,-1,-1,0,,,19/3/2024_10:14:29,none,default,321,Male,554,left,English,0,102,1,0,0,467.13869999803137,1155.5217999994056,1833.396800000628,2415.4533999972045,368.3199487999955,None,None,3022.397299995646,6,attended,odd,0.0,
0,-1,-1,0,,,19/3/2024_10:14:32,none,default,321,Male,554,left,English,0,103,1,1,0,475.2525000003516,1101.963799999794,1737.451000000874,2382.5750000032713,371.3150344999958,space,743.0525000017951,2991.5500999995857,6,attended,regular,0.0,
0,-1,-1,0,,,19/3/2024_10:14:35,none,default,321,Male,554,left,English,0,104,1,1,1,503.7564000012935,1100.5443000030937,1795.003600003838,2431.87630000466,374.35693170000013,None,None,3039.2541000037454,6,attended,regular,0.0,
0,-1,-1,0,,,19/3/2024_10:14:38,none,default,321,Male,554,left,English,0,105,1,1,0,503.8051000010455,1102.2927000012714,1735.246600001119,2381.7210999986855,377.3484774999961,None,None,2988.951300001645,6,attended,regular,0.0,
0,-1,-1,0,,,19/3/2024_10:14:41,none,default,321,Male,554,left,English,0,106,1,0,0,555.8604000034393,1189.7664000061923,1867.3436000026413,2550.043800001731,380.5120917999957,None,None,3161.1097999993945,6,attended,odd,0.0,
0,-1,-1,0,,,19/3/2024_10:14:44,none,default,321,Male,554,left,English,0,107,1,1,0,505.3446999954758,1202.7345999958925,1882.3954999970738,2521.827899996424,383.64405709999846,None,None,3129.491500003496,6,attended,regular,0.0,
0,-1,-1,0,,,19/3/2024_10:14:47,none,default,321,Male,554,left,English,0,108,1,1,0,497.37359999562614,1124.9586999983876,1717.467399997986,2306.9582999960403,386.55815939999593,None,None,2911.2558999986504,6,attended,regular,0.0,
0,-1,-1,0,,,19/3/2024_10:14:50,none,default,321,Male,554,left,English,0,109,1,0,0,577.3611999975401,1143.7622999947052,1804.7111999985646,2408.450700000685,389.57894829999714,None,None,3016.834900001413,6,attended,odd,0.0,
0,-1,-1,0,,,19/3/2024_10:14:53,none,default,321,Male,554,left,English,0,110,1,1,0,516.0470000046189,1178.9875000031316,1848.9856000014697,2502.122900004906,392.69229499999346,None,None,3110.418500000378,6,attended,regular,0.0,
0,-1,-1,0,,,19/3/2024_10:14:56,none,default,321,Male,554,left,English,0,111,1,1,0,589.3566000013379,1157.993600005284,1848.348100000294,2476.193200003763,395.7807285999952,None,None,3085.136900001089,6,attended,regular,0.0,
0,-1,-1,0,,,19/3/2024_10:14:59,none,default,321,Male,554,left,English,0,112,1,0,0,524.1879999957746,1212.9595000005793,1861.2725999992108,2498.4450999982073,398.8919537999973,None,None,3106.8690000029164,6,attended,odd,0.0,
0,-1,-1,0,,,19/3/2024_10:15:2,none,default,321,Male,554,left,English,0,113,1,1,0,569.4596000030288,1201.134800001455,1812.9744000034407,2460.486600000877,401.9647874000002,None,None,3067.1589999983553,6,attended,regular,0.0,
0,-1,-1,0,,,19/3/2024_10:15:5,none,default,321,Male,554,left,English,0,114,1,1,0,495.6562999941525,1144.1620999976294,1795.2366999961669,2429.571599997871,405.0079365999991,None,None,3039.7768000038923,6,attended,regular,0.0,
0,-1,-1,0,,,19/3/2024_10:15:8,none,default,321,Male,554,left,English,0,115,1,0,0,501.44559999898775,1119.7477000023355,1691.6176000013365,2314.1889000035007,407.937219499996,None,None,2924.1880999979912,6,attended,odd,0.0,
0,-1,-1,0,,,19/3/2024_10:15:12,none,default,321,Male,554,left,English,0,116,1,1,0,560.8693000031053,1173.543900004006,1862.4247000043397,2504.5656000002054,411.05331319999823,None,None,3113.8232000012067,6,attended,regular,0.0,
0,-1,-1,0,,,19/3/2024_10:15:15,none,default,321,Male,554,left,English,0,117,1,1,0,561.4092000032542,1210.7726999965962,1888.1419000026654,2464.1775999989477,414.12985409999965,None,None,3074.0125000011176,6,attended,regular,0.0,
0,-1,-1,0,,,19/3/2024_10:15:18,none,default,321,Male,554,left,English,0,118,1,0,0,580.3911999973934,1238.319500000216,1936.0460999960196,2536.3976000007824,417.27437869999994,None,None,3142.8463000047486,6,attended,odd,0.0,
0,-1,-1,0,,,19/3/2024_10:15:21,none,default,321,Male,554,left,English,0,119,1,0,4,598.2526000007056,1244.0845999954036,1909.1602999978932,2492.9440999985673,420.3856100999983,None,None,3106.1897999970824,6,attended,odd,0.0,
0,-1,-1,0,,,19/3/2024_10:15:24,none,default,321,Male,554,left,English,0,120,1,1,0,550.847700003942,1223.139000001538,1878.266600004281,2556.0550000009243,423.5525561999966,None,None,3160.6532000005245,6,attended,regular,0.0,
0,-1,-1,0,,,19/3/2024_10:15:32,none,default,321,Male,554,left,English,0,121,1,1,0,551.6261000011582,1198.9375999983167,1790.1086999991094,2377.756000001682,431.9239149999994,None,None,2987.9163000005065,7,attended,regular,0.0,
0,-1,-1,0,,,19/3/2024_10:15:35,none,default,321,Male,554,left,English,0,122,1,0,0,463.41779999784194,1141.7633999953978,1750.4315999976825,2423.76030000014,434.95868530000007,None,None,3031.750899994222,7,attended,odd,0.0,
0,-1,-1,0,,,19/3/2024_10:15:38,none,default,321,Male,554,left,English,0,123,1,1,0,592.230300004303,1173.9854000043124,1872.0867000010912,2448.0374999984633,438.0187889999943,None,None,3056.518400000641,7,attended,regular,0.0,
0,-1,-1,0,,,19/3/2024_10:15:42,none,default,321,Male,554,left,English,0,124,1,1,0,522.3937000046135,1177.263400000811,1877.0680000016,2501.918800000567,441.13221579999663,None,None,3110.3134999939357,7,attended,regular,0.0,
0,-1,-1,0,,,19/3/2024_10:15:45,none,default,321,Male,554,left,English,0,125,1,1,0,562.9645000008168,1189.982500000042,1848.457000000053,2538.2079999981215,444.2836296999958,None,None,3148.5001999972155,7,attended,regular,0.0,
0,-1,-1,0,,,19/3/2024_10:15:48,none,default,321,Male,554,left,English,0,126,1,0,0,493.0411999957869,1092.8641999998945,1694.4705999994767,2258.4245999969426,447.15017679999437,None,None,2863.4671999971033,7,attended,odd,0.0,
0,-1,-1,0,,,19/3/2024_10:15:51,none,default,321,Male,554,left,English,0,127,1,1,0,484.94819999905303,1144.1887999972096,1721.256099997845,2351.9267000010586,450.1154702999993,None,None,2962.3011000003316,7,attended,regular,0.0,
0,-1,-1,0,,,19/3/2024_10:15:54,none,default,321,Male,554,left,English,0,128,1,1,0,576.447499995993,1150.3386999975191,1744.5808999982546,2417.372999996587,453.1435854999945,None,None,3024.699800000235,7,attended,regular,0.0,
0,-1,-1,0,,,19/3/2024_10:15:57,none,default,321,Male,554,left,English,0,129,1,0,0,499.13910000032047,1159.3250000005355,1819.261100004951,2396.7654000007315,456.1511523999943,None,None,3002.919999998994,7,attended,odd,0.0,
0,-1,-1,0,,,19/3/2024_10:16:0,none,default,321,Male,554,left,English,0,130,1,1,0,588.4903000041959,1162.99810000055,1788.3481000026222,2448.5016000035102,459.21285059999354,None,None,3056.3737000047695,7,attended,regular,0.0,
0,-1,-1,0,,,19/3/2024_10:16:3,none,default,321,Male,554,left,English,0,131,1,1,0,543.5470000011264,1147.5248999995529,1738.8028999994276,2353.0753000013647,462.17719419999776,None,None,2961.0955999960424,7,attended,regular,0.0,
0,-1,-1,0,,,19/3/2024_10:16:6,none,default,321,Male,554,left,English,0,132,1,0,0,497.8472000002512,1157.9085999983363,1757.6810000027763,2412.493399999221,465.2017108,None,None,3021.4166000005207,7,attended,odd,0.0,
0,-1,-1,0,,,19/3/2024_10:16:9,none,default,321,Male,554,left,English,0,133,1,1,2,509.0353999985382,1177.9363000023295,1868.9440000016475,2523.478499999328,468.33735989999695,None,None,3131.661500003247,7,attended,regular,0.0,
0,-1,-1,0,,,19/3/2024_10:16:12,none,default,321,Male,554,left,English,0,134,1,1,0,508.1807000024128,1162.5763999982155,1752.719199997955,2358.6857999980566,471.30685529999755,None,None,2965.671099998872,7,attended,regular,0.0,
0,-1,-1,0,,,19/3/2024_10:16:15,none,default,321,Male,554,left,English,0,135,1,0,0,454.784200002905,1112.2398000006797,1731.4420999973663,2347.9535000005853,474.2673730999959,None,None,2957.454699993832,7,attended,odd,0.0,
0,-1,-1,0,,,19/3/2024_10:16:18,none,default,321,Male,554,left,English,0,136,1,1,0,571.2379000033252,1179.2496999987634,1828.2136999987415,2401.3392999986536,477.28105309999955,None,None,3008.3952999993926,7,attended,regular,0.0,
0,-1,-1,0,,,19/3/2024_10:16:21,none,default,321,Male,554,left,English,0,137,1,1,0,465.9479000038118,1027.1558000022196,1638.3676000041305,2341.813400002138,480.23911999999837,None,None,2950.9533000018564,7,attended,regular,0.0,
0,-1,-1,0,,,19/3/2024_10:16:24,none,default,321,Male,554,left,English,0,138,1,0,0,579.6045000024606,1258.5451000049943,1924.3421999999555,2577.7054999998654,483.4276758999986,None,None,3182.5772000011057,7,attended,odd,0.0,
0,-1,-1,0,,,19/3/2024_10:16:27,none,default,321,Male,554,left,English,0,139,1,0,4,548.1443000026047,1146.3937000007718,1710.887699999148,2311.049299998558,486.3501327999984,None,None,2919.898000000103,7,attended,odd,0.0,
0,-1,-1,0,,,19/3/2024_10:16:30,none,default,321,Male,554,left,English,0,140,1,1,0,582.2994999980438,1290.5341000005137,1988.1320999993477,2639.2906999972183,489.60041539999656,None,None,3247.5528999930248,7,attended,regular,0.0,
0,-1,-1,0,,,19/3/2024_10:16:38,none,default,321,Male,554,left,English,0,141,1,1,2,458.1190000026254,1029.9027000000933,1645.8350000029895,2318.0551000041305,497.9083210999961,space,1972.1518000005744,2926.53170000267,8,attended,regular,0.0,
0,-1,-1,0,,,19/3/2024_10:16:41,none,default,321,Male,554,left,English,0,142,1,0,0,525.7497000056901,1219.5377000025474,1853.483300001244,2436.5128000063123,500.9587404999984,None,None,3045.903799997177,8,attended,odd,0.0,
0,-1,-1,0,,,19/3/2024_10:16:44,none,default,321,Male,554,left,English,0,143,1,1,0,471.5284999983851,1169.3396999980905,1741.2666999953217,2374.5309000005363,503.94649099999515,None,None,2983.5909999965224,8,attended,regular,0.0,
0,-1,-1,0,,,19/3/2024_10:16:48,none,default,321,Male,554,left,English,0,144,1,1,0,570.4453999933321,1267.4275999961537,1878.5445999965305,2480.252699999255,507.03781389999494,None,None,3087.9182999997283,8,attended,regular,0.0,
0,-1,-1,0,,,19/3/2024_10:16:51,none,default,321,Male,554,left,English,0,145,1,1,0,502.4797000005492,1196.4356000025873,1847.775599999295,2460.8415000038804,510.10921199999575,None,None,3068.639600001916,8,attended,regular,0.0,
0,-1,-1,0,,,19/3/2024_10:16:53,none,default,321,Male,554,left,English,0,146,1,0,0,505.5300000021816,1091.2650000027497,1687.3497999986284,2284.4172999975854,513.0066341999991,None,None,2894.340099999681,8,attended,odd,0.0,
0,-1,-1,0,,,19/3/2024_10:16:56,none,default,321,Male,554,left,English,0,147,1,1,0,455.60870000190334,1066.3848000040161,1677.3407000000589,2372.4677999998676,515.9904305999953,None,None,2980.487599998014,8,attended,regular,0.0,
0,-1,-1,0,,,19/3/2024_10:17:0,none,default,321,Male,554,left,English,0,148,1,1,3,498.14409999817144,1206.4559999998892,1782.174699997995,2463.9155000040773,519.0645709999953,None,None,3071.091500001785,8,attended,regular,0.0,
0,-1,-1,0,,,19/3/2024_10:17:3,none,default,321,Male,554,left,English,0,149,1,0,0,567.869000005885,1153.7374000035925,1776.99500000017,2451.7224000010174,522.1253503999978,None,None,3058.169399999315,8,attended,odd,0.0,
0,-1,-1,0,,,19/3/2024_10:17:6,none,default,321,Male,554,left,English,0,150,1,1,0,593.8738999975612,1185.0658999974257,1798.048699994979,2482.6744999954826,525.2188803999961,None,None,3090.530300003593,8,attended,regular,0.0,
0,-1,-1,0,,,19/3/2024_10:17:9,none,default,321,Male,554,left,English,0,151,1,1,0,485.7800000027055,1135.6378000054974,1838.5683000014978,2526.4947000032407,528.3569296999995,None,None,3135.6479000023683,8,attended,regular,0.0,
0,-1,-1,0,,,19/3/2024_10:17:12,none,default,321,Male,554,left,English,0,152,1,0,0,578.6602000007406,1281.6630999950576,1977.731599996332,2561.433800001396,531.5275479999982,None,None,3167.5895000007586,8,attended,odd,0.0,
0,-1,-1,0,,,19/3/2024_10:17:15,none,default,321,Male,554,left,English,0,153,1,1,0,591.936100005114,1259.071500004211,1856.9303000040236,2462.2350000063307,534.601149999995,None,None,3070.1178000017535,8,attended,regular,0.0,
0,-1,-1,0,,,19/3/2024_10:17:18,none,default,321,Male,554,left,English,0,154,1,1,0,551.6069000004791,1242.303200000606,1917.3173000017414,2538.1013000005623,537.7528534999947,None,None,3147.736900005839,8,attended,regular,0.0,
0,-1,-1,0,,,19/3/2024_10:17:21,none,default,321,Male,554,left,English,0,155,1,0,0,490.78259999805596,1124.02419999853,1735.1458999983151,2318.561399995815,540.6842628999948,None,None,2926.9012000004295,8,attended,odd,0.0,
0,-1,-1,0,,,19/3/2024_10:17:24,none,default,321,Male,554,left,English,0,156,1,1,0,562.0170999973197,1148.8145999974222,1812.3200999980327,2456.01280000119,543.7529660999935,None,None,3063.9305999939097,8,attended,regular,0.0,
0,-1,-1,0,,,19/3/2024_10:17:27,none,default,321,Male,554,left,English,0,157,1,1,0,462.0850999999675,1142.2180000008666,1779.1832000002614,2444.181099999696,546.8077481999935,None,None,3050.1436999984435,8,attended,regular,0.0,
0,-1,-1,0,,,19/3/2024_10:17:30,none,default,321,Male,554,left,English,0,158,1,0,0,515.4636000006576,1090.4838999995263,1705.6338999973377,2313.4691000013845,549.7351889999991,None,None,2922.9202999995323,8,attended,odd,0.0,
0,-1,-1,0,,,19/3/2024_10:17:33,none,default,321,Male,554,left,English,0,159,1,0,0,546.9277000011061,1243.9750999983517,1861.0843999995268,2460.2299999969546,552.8091950999951,None,None,3070.1307999988785,8,attended,odd,0.0,
0,-1,-1,0,,,19/3/2024_10:17:36,none,default,321,Male,554,left,English,0,160,1,1,0,475.3692000012961,1130.484699999215,1827.3667999965255,2405.452899998636,555.8253917999973,None,None,3011.5325000006123,8,attended,regular,0.0,
0,-1,-1,0,,,19/3/2024_10:17:44,none,default,321,Male,554,left,English,0,161,1,1,0,603.4684999976889,1266.617099994619,1897.1788999988348,2570.6351999979233,563.4906192999988,None,None,3179.56630000117,9,attended,regular,0.0,
0,-1,-1,0,,,19/3/2024_10:17:47,none,default,321,Male,554,left,English,0,162,1,0,0,581.2870000008843,1236.8424000014784,1899.0677999972831,2589.1669999982696,566.6934028999967,None,None,3198.0648999960977,9,attended,odd,0.0,
0,-1,-1,0,,,19/3/2024_10:17:50,none,default,321,Male,554,left,English,0,163,1,1,0,502.65590000344673,1120.3042000051937,1758.034200000111,2350.1023999997415,569.6533344999989,None,None,2956.2732000049436,9,attended,regular,0.0,
0,-1,-1,0,,,19/3/2024_10:17:53,none,default,321,Male,554,left,English,0,164,1,1,0,548.6153999954695,1157.2843999965698,1858.5643999977037,2550.57969999325,572.8150721999991,None,None,3158.7389999986044,9,attended,regular,0.0,
0,-1,-1,0,,,19/3/2024_10:17:56,none,default,321,Male,554,left,English,0,165,1,0,0,575.3950999933295,1243.1150999982492,1802.1026999995229,2468.5504999943078,575.8910617000001,None,None,3074.4454999949085,9,attended,odd,0.0,
0,-1,-1,0,,,19/3/2024_10:17:59,none,default,321,Male,554,left,English,0,166,1,1,0,470.6043000041973,1170.8503000045312,1798.9166000043042,2363.96870000317,578.862162999998,None,None,2967.93020000041,9,attended,regular,0.0,
0,-1,-1,0,,,19/3/2024_10:18:2,none,default,321,Male,554,left,English,0,167,1,1,0,472.00619999784976,1113.8168999968912,1775.8033999998588,2428.3576999951038,581.9040685,None,None,3037.5765999997384,9,attended,regular,0.0,
0,-1,-1,0,,,19/3/2024_10:18:5,none,default,321,Male,554,left,English,0,168,1,0,0,542.6366000028793,1173.2393999991473,1767.4173999985214,2417.2915000017383,584.9296243999997,None,None,3023.569499993755,9,attended,odd,0.0,
0,-1,-1,0,,,19/3/2024_10:18:8,none,default,321,Male,554,left,English,0,169,1,1,0,512.1136000016122,1162.9537000044365,1760.0845999986632,2433.770600000571,587.9759081999946,None,None,3041.5904999972554,9,attended,regular,0.0,
0,-1,-1,0,,,19/3/2024_10:18:12,none,default,321,Male,554,left,English,0,170,1,1,0,477.91789999610046,1150.4359999962617,1840.219799996703,2506.744099999196,591.0921079999971,None,None,3114.1217999975197,9,attended,regular,0.0,
0,-1,-1,0,,,19/3/2024_10:18:15,none,default,321,Male,554,left,English,0,171,1,0,0,583.5461000024225,1157.5228000001516,1774.002099999052,2402.1036999984062,594.1021007999952,None,None,3007.465599999705,9,attended,odd,0.0,
0,-1,-1,0,,,19/3/2024_10:18:18,none,default,321,Male,554,left,English,0,172,1,1,0,524.147099997208,1167.1075999984168,1865.8009999999194,2535.830699998769,597.2485057999947,None,None,3144.207600002119,9,attended,regular,0.0,
0,-1,-1,0,,,19/3/2024_10:18:21,none,default,321,Male,554,left,English,0,173,1,1,0,569.8575000060373,1265.7884000000195,1923.1830000062473,2540.5656000002637,600.4004500999945,None,None,3145.9534999958123,9,attended,regular,0.0,
0,-1,-1,0,,,19/3/2024_10:18:24,none,default,321,Male,554,left,English,0,174,1,0,0,503.9799000005587,1217.798199999379,1917.0421000017086,2618.052899997565,603.629436999996,None,None,3224.145399995905,9,attended,odd,0.0,
0,-1,-1,0,,,19/3/2024_10:18:27,none,default,321,Male,554,left,English,0,175,1,1,0,549.4498000043677,1227.6555999997072,1822.195799999463,2479.1236000019126,606.7167655999947,None,None,3085.2691999971285,9,attended,regular,0.0,
0,-1,-1,0,,,19/3/2024_10:18:30,none,default,321,Male,554,left,English,0,176,1,1,0,482.94090000126744,1145.673999999417,1855.8956000051694,2549.9306000056094,609.8781399999934,None,None,3159.394700000121,9,attended,regular,0.0,
0,-1,-1,0,,,19/3/2024_10:18:33,none,default,321,Male,554,left,English,0,177,1,1,0,594.9106000043685,1172.732500002894,1765.577400001348,2396.9034000037936,612.8820678999982,None,None,3001.329099999566,9,attended,regular,0.0,
0,-1,-1,0,,,19/3/2024_10:18:36,none,default,321,Male,554,left,English,0,178,1,0,0,480.2981000029831,1113.3916999970097,1693.6471000008169,2397.3990000013146,615.8908792999937,None,None,3005.9907999966526,9,attended,odd,0.0,
0,-1,-1,0,,,19/3/2024_10:18:39,none,default,321,Male,554,left,English,0,179,1,0,0,485.65850000159116,1184.3099999969127,1796.1301999966963,2415.1932999957353,618.9175841999968,None,None,3022.2154000002774,9,attended,odd,0.0,
0,-1,-1,0,,,19/3/2024_10:18:43,none,default,321,Male,554,left,English,0,180,1,1,0,532.6465999969514,1155.9497999987798,1855.8102999959374,2531.844299999648,622.0653077999959,None,None,3144.0900999950827,9,attended,regular,0.0,
0,-1,-1,0,,,19/3/2024_10:18:49,none,default,321,Male,554,left,English,0,181,1,1,2,557.263899994723,1130.5699000004097,1788.473000000522,2398.922799999127,628.4985944999935,space,1505.0666999959503,3004.6547999954782,10,attended,regular,0.0,
0,-1,-1,0,,,19/3/2024_10:18:52,none,default,321,Male,554,left,English,0,182,1,1,0,596.901799995976,1211.941299996397,1787.8850999986753,2404.7619999983,631.5156931999954,None,None,3011.2532999992254,10,attended,regular,0.0,
0,-1,-1,0,,,19/3/2024_10:18:55,none,default,321,Male,554,left,English,0,183,1,0,0,569.1052999973181,1240.0876999963657,1919.9278999949456,2567.2489999997197,634.7026224999936,None,None,3179.7070000029635,10,attended,odd,0.0,
0,-1,-1,0,,,19/3/2024_10:18:58,none,default,321,Male,554,left,English,0,184,1,1,0,458.80310000211466,1027.9867999997805,1703.4880999999586,2325.942900002701,637.6439538999985,None,None,2936.849000005168,10,attended,regular,0.0,
0,-1,-1,0,,,19/3/2024_10:19:1,none,default,321,Male,554,left,English,0,185,1,1,0,463.4005999978399,1091.2816999989445,1756.3730999972904,2463.252800000191,640.7182109999994,None,None,3070.536799998081,10,attended,regular,0.0,
0,-1,-1,0,,,19/3/2024_10:19:4,none,default,321,Male,554,left,English,0,186,1,0,0,530.5693000045721,1180.7311000011396,1836.69980000559,2441.137300003902,643.7755619999953,None,None,3050.751000002492,10,attended,odd,0.0,
0,-1,-1,0,,,19/3/2024_10:19:7,none,default,321,Male,554,left,English,0,187,1,1,0,537.3048999972525,1241.8296999967424,1851.6139999992447,2458.768999997119,646.8517920999948,None,None,3071.964599999774,10,attended,regular,0.0,
0,-1,-1,0,,,19/3/2024_10:19:10,none,default,321,Male,554,left,English,0,188,1,1,0,518.3399000015925,1107.4870000011288,1681.412799996906,2278.892700000142,649.7422837999984,None,None,2886.153400002513,10,attended,regular,0.0,
0,-1,-1,0,,,19/3/2024_10:19:13,none,default,321,Male,554,left,English,0,189,1,0,0,479.02800000156276,1093.9663000026485,1765.9731000021566,2397.4252000043634,652.7542751000001,None,None,3003.953499995987,10,attended,odd,0.0,
0,-1,-1,0,,,19/3/2024_10:19:16,none,default,321,Male,554,left,English,0,190,1,1,0,542.2800000014831,1208.3997000008821,1853.93259999546,2438.8280999992276,655.8058295999945,None,None,3048.292399995262,10,attended,regular,0.0,
0,-1,-1,0,,,19/3/2024_10:19:19,none,default,321,Male,554,left,English,0,191,1,1,0,529.569199999969,1124.7510999965016,1823.5979999953997,2460.389599997143,658.8783866999947,None,None,3070.409899999504,10,attended,regular,0.0,
0,-1,-1,0,,,19/3/2024_10:19:22,none,default,321,Male,554,left,English,0,192,1,0,0,590.3333000023849,1218.6703000043053,1913.3290000027046,2489.537300003576,661.9763485000003,None,None,3095.695900003193,10,attended,odd,0.0,
0,-1,-1,0,,,19/3/2024_10:19:26,none,default,321,Male,554,left,English,0,193,1,1,0,547.8454999974929,1255.7898000013665,1948.725000002014,2613.417499997013,665.199211399995,None,None,3220.609500000137,10,attended,regular,0.0,
0,-1,-1,0,,,19/3/2024_10:19:29,none,default,321,Male,554,left,English,0,194,1,1,0,499.04899999819463,1132.214400000521,1812.9489999992074,2474.3700999970315,668.2806402999995,None,None,3079.479899999569,10,attended,regular,0.0,
0,-1,-1,0,,,19/3/2024_10:19:32,none,default,321,Male,554,left,English,0,195,1,0,0,510.8548999996856,1205.7843000002322,1907.7668999962043,2546.8953999952646,671.4360357999976,None,None,3153.1277999965823,10,attended,odd,0.0,
0,-1,-1,0,,,19/3/2024_10:19:35,none,default,321,Male,554,left,English,0,196,1,1,0,508.6873999971431,1160.7784999941941,1829.8214999958873,2389.9289999972098,674.4434839999958,None,None,3004.1135999999824,10,attended,regular,0.0,
0,-1,-1,0,,,19/3/2024_10:19:38,none,default,321,Male,554,left,English,0,197,1,1,0,587.0638999986113,1248.1134999979986,1880.219999999099,2568.2941999984905,677.6286509999991,None,None,3180.4768000001786,10,attended,regular,0.0,
0,-1,-1,0,,,19/3/2024_10:19:41,none,default,321,Male,554,left,English,0,198,1,0,0,539.0327000059187,1170.401800001855,1750.6192000000738,2419.4532000037725,680.6627158999981,None,None,3030.5347999965306,10,attended,odd,0.0,
0,-1,-1,0,,,19/3/2024_10:19:44,none,default,321,Male,554,left,English,0,199,1,1,0,587.6152999990154,1174.455799999123,1739.4860999993398,2422.158000001218,683.6938261999967,None,None,3028.258400001505,10,attended,regular,0.0,
0,-1,-1,0,,,19/3/2024_10:19:47,none,default,321,Male,554,left,English,0,200,1,0,0,594.8041000010562,1207.6071000046795,1893.7852000017301,2550.4946000000928,686.8547585999986,None,None,3158.0552000013995,10,attended,odd,0.0,
0,-1,-1,0,,,19/3/2024_10:20:0,none,default,321,Male,554,left,English,0,201,3,1,0,497.28609999874607,1155.0287999998545,1741.1103999984334,2451.239000001806,699.512364299997,None,None,3058.1658000010066,11,unattended,regular,0.0,
0,-1,-1,0,,,19/3/2024_10:20:3,none,default,321,Male,554,left,English,0,202,3,0,0,574.1557000001194,1258.3508999960031,1890.240000000631,2470.2723999944283,702.5950347999969,None,None,3076.4509000000544,11,unattended,odd,0.0,
0,-1,-1,0,,,19/3/2024_10:20:6,none,default,321,Male,554,left,English,0,203,3,1,0,594.1806000046199,1225.3880000062054,1852.1311000004061,2480.3145000041695,705.6885882999995,None,None,3088.331899998593,11,unattended,regular,0.0,
0,-1,-1,0,,,19/3/2024_10:20:9,none,default,321,Male,554,left,English,0,204,3,1,0,482.31059999670833,1110.5919999972684,1674.564900000405,2372.5534999975935,708.6722723999992,None,None,2980.51249999844,11,unattended,regular,0.0,
0,-1,-1,0,,,19/3/2024_10:20:12,none,default,321,Male,554,left,English,0,205,3,1,0,467.52379999816185,1075.6270999991102,1768.5742999965441,2387.7547000010964,711.6726901999937,None,None,2996.6360999969766,11,unattended,regular,0.0,
0,-1,-1,0,,,19/3/2024_10:20:15,none,default,321,Male,554,left,English,0,206,3,0,0,525.0033999982406,1204.2060999956448,1774.0698999987217,2428.144400000747,714.7176327999987,None,None,3037.5516999993124,11,unattended,odd,0.0,
0,-1,-1,0,,,19/3/2024_10:20:18,none,default,321,Male,554,left,English,0,207,3,1,0,487.8956000029575,1156.0673999993014,1737.968000001274,2354.979000003368,717.6844525999986,None,None,2963.899800000945,11,unattended,regular,0.0,
0,-1,-1,0,,,19/3/2024_10:20:21,none,default,321,Male,554,left,English,0,208,3,1,0,551.4608999947086,1177.9576999979327,1805.355899996357,2482.271999993827,720.7844647999955,None,None,3096.459699998377,11,unattended,regular,0.0,
0,-1,-1,0,,,19/3/2024_10:20:24,none,default,321,Male,554,left,English,0,209,3,0,0,595.4805000001215,1238.6685000019497,1894.403999998758,2478.3932999998797,723.8737215999936,None,None,3083.9264999958687,11,unattended,odd,0.0,
0,-1,-1,0,,,19/3/2024_10:20:27,none,default,321,Male,554,left,English,0,210,3,1,0,586.2151000037557,1165.9287000002223,1761.3162000052398,2364.6069000024,726.8489904999951,None,None,2971.398699999554,11,unattended,regular,0.0,
0,-1,-1,0,,,19/3/2024_10:20:30,none,default,321,Male,554,left,English,0,211,3,1,0,586.3186999995378,1237.4636000022292,1889.2052000010153,2568.424099998083,730.0291338999959,None,None,3177.3538000052213,11,unattended,regular,0.0,
0,-1,-1,0,,,19/3/2024_10:20:33,none,default,321,Male,554,left,English,0,212,3,0,0,513.7375999984215,1198.7203000026057,1804.3281999998726,2375.6928000002517,733.0139528,None,None,2982.8104999978677,11,unattended,odd,0.0,
0,-1,-1,0,,,19/3/2024_10:20:37,none,default,321,Male,554,left,English,0,213,3,1,0,563.248599995859,1203.5188999943784,1897.2303999980795,2600.333700000192,736.2270151999983,None,None,3210.403099998075,11,unattended,regular,0.0,
0,-1,-1,0,,,19/3/2024_10:20:40,none,default,321,Male,554,left,English,0,214,3,1,0,493.2321000014781,1061.2061000065296,1662.2133000055328,2235.56240000471,739.0735967999935,None,None,2843.425600003684,11,unattended,regular,0.0,
0,-1,-1,0,,,19/3/2024_10:20:43,none,default,321,Male,554,left,English,0,215,3,0,0,495.0341000003391,1116.8461999986903,1784.0327000012621,2451.8556999973953,742.135601199996,None,None,3059.128000000783,11,unattended,odd,0.0,
0,-1,-1,0,,,19/3/2024_10:20:46,none,default,321,Male,554,left,English,0,216,3,1,0,542.6831000004313,1154.2829000027268,1746.1905000018305,2320.9667000046466,745.0677695999984,None,None,2929.067800003395,11,unattended,regular,0.0,
0,-1,-1,0,,,19/3/2024_10:20:49,none,default,321,Male,554,left,English,0,217,3,1,0,595.9655000042403,1258.977400000731,1838.3564000032493,2461.602800001856,748.1390967999978,None,None,3069.487599997956,11,unattended,regular,0.0,
0,-1,-1,0,,,19/3/2024_10:20:52,none,default,321,Male,554,left,English,0,218,3,0,0,562.2137000027578,1178.5894999993616,1887.31209999969,2570.4018999967957,751.3239729999987,None,None,3182.042899999942,11,unattended,odd,0.0,
0,-1,-1,0,,,19/3/2024_10:20:55,none,default,321,Male,554,left,English,0,219,3,0,0,538.4544999978971,1177.4089999962598,1810.1438999947277,2468.807999997807,754.4035229999936,None,None,3075.6057999969926,11,unattended,odd,0.0,
0,-1,-1,0,,,19/3/2024_10:20:58,none,default,321,Male,554,left,English,0,220,3,1,0,502.74300000455696,1076.7495000036433,1746.465000003809,2413.484200005769,757.4294590999998,None,None,3021.939599995676,11,unattended,regular,0.0,
0,-1,-1,0,,,19/3/2024_10:21:3,none,default,321,Male,554,left,English,0,221,3,1,0,498.1049000052735,1125.2417000068817,1733.2709000038449,2393.0543000024045,762.911013799996,None,None,3001.4769000044907,12,unattended,regular,0.0,
0,-1,-1,0,,,19/3/2024_10:21:6,none,default,321,Male,554,left,English,0,222,3,0,0,477.06550000293646,1177.9672999982722,1763.4920999989845,2347.581699999864,765.8713407999967,None,None,2957.4472999956924,12,unattended,odd,0.0,
0,-1,-1,0,,,19/3/2024_10:21:9,none,default,321,Male,554,left,English,0,223,3,1,0,525.0073999995948,1218.559400003869,1870.2312000023085,2505.798300000606,768.9895258999968,None,None,3114.000400004443,12,unattended,regular,0.0,
0,-1,-1,0,,,19/3/2024_10:21:13,none,default,321,Male,554,left,English,0,224,3,1,0,579.3881000063266,1179.6510000058333,1803.9905000041472,2435.9923000010895,772.0439530000003,None,None,3049.341599995387,12,unattended,regular,0.0,
0,-1,-1,0,,,19/3/2024_10:21:16,none,default,321,Male,554,left,English,0,225,3,0,0,542.6511999976356,1221.6257999971276,1900.2164999983506,2493.938999999955,775.1444176000005,None,None,3098.860699996294,12,unattended,odd,0.0,
0,-1,-1,0,,,19/3/2024_10:21:19,none,default,321,Male,554,left,English,0,226,3,1,0,500.29779999749735,1092.9835999995703,1806.2510000017937,2491.601699999592,778.2445092999988,None,None,3097.8975999969407,12,unattended,regular,0.0,
0,-1,-1,0,,,19/3/2024_10:21:22,none,default,321,Male,554,left,English,0,227,3,1,0,573.658900000737,1283.6288000034983,1923.8874000002397,2615.755500002706,781.4725476999956,None,None,3221.6211999984807,12,unattended,regular,0.0,
0,-1,-1,0,,,19/3/2024_10:21:25,none,default,321,Male,554,left,English,0,228,3,0,0,579.5222000015201,1231.0723999980837,1905.1753000021563,2588.2970000020578,784.671453899995,None,None,3195.4727999982424,12,unattended,odd,0.0,
0,-1,-1,0,,,19/3/2024_10:21:28,none,default,321,Male,554,left,English,0,229,3,1,0,522.0620000036433,1219.3650000044727,1861.1203000036767,2503.489000002446,787.788049799994,None,None,3113.3731000008993,12,unattended,regular,0.0,
0,-1,-1,0,,,19/3/2024_10:21:31,none,default,321,Male,554,left,English,0,230,3,1,0,532.3644999953103,1226.602599999751,1861.5111999970395,2473.451499994553,790.8707104999994,None,None,3080.40869999968,12,unattended,regular,0.0,
0,-1,-1,0,,,19/3/2024_10:21:34,none,default,321,Male,554,left,English,0,231,3,1,1,457.0683000056306,1046.7673000021023,1738.7602000017068,2339.9656000037794,793.8215069999933,None,None,2947.457400005078,12,unattended,regular,0.0,
0,-1,-1,0,,,19/3/2024_10:21:37,none,default,321,Male,554,left,English,0,232,3,0,0,494.1248000031919,1185.0848000030965,1876.2497000061558,2486.3631000043824,796.9277060999957,None,None,3098.3506000047782,12,unattended,odd,0.0,
0,-1,-1,0,,,19/3/2024_10:21:40,none,default,321,Male,554,left,English,0,233,3,1,0,493.1113999991794,1141.090200006147,1796.117600002617,2455.9188000057475,799.9999384999974,None,None,3068.132799999148,12,unattended,regular,0.0,
0,-1,-1,0,,,19/3/2024_10:21:44,none,default,321,Male,554,left,English,0,234,3,1,0,590.0827000004938,1238.5625999959302,1932.1205999949598,2515.508899996348,803.129022299996,None,None,3125.681800003804,12,unattended,regular,0.0,
0,-1,-1,0,,,19/3/2024_10:21:47,none,default,321,Male,554,left,English,0,235,3,0,0,559.2665000003763,1182.0596999968984,1884.2159999985597,2484.1698999953223,806.2246793999948,None,None,3093.1610000043293,12,unattended,odd,0.0,
0,-1,-1,0,,,19/3/2024_10:21:50,none,default,321,Male,554,left,English,0,236,3,1,0,547.0949000009568,1178.7958999993862,1872.9652000038186,2484.014900001057,809.3198044999954,None,None,3092.071399994893,12,unattended,regular,0.0,
0,-1,-1,0,,,19/3/2024_10:21:53,none,default,321,Male,554,left,English,0,237,3,1,0,566.7231000043103,1208.3506999988458,1887.9854000042542,2595.082799998636,812.5263234999948,None,None,3203.1788999956916,12,unattended,regular,0.0,
0,-1,-1,0,,,19/3/2024_10:21:56,none,default,321,Male,554,left,English,0,238,3,0,0,476.6645000054268,1076.0164000021177,1754.5548000052804,2431.415899998683,815.565179899997,None,None,3035.8019999985117,12,unattended,odd,0.0,
0,-1,-1,0,,,19/3/2024_10:21:59,none,default,321,Male,554,left,English,0,239,3,0,0,484.1558999978588,1087.0858999987831,1664.40010000224,2356.2231000032625,818.5362695999938,None,None,2964.952899994387,12,unattended,odd,0.0,
0,-1,-1,0,,,19/3/2024_10:22:2,none,default,321,Male,554,left,English,0,240,3,1,0,521.4049999995041,1195.312299998477,1807.5467999951798,2372.5836999947205,821.5222714999982,None,None,2982.9065000012633,12,unattended,regular,0.0,
0,-1,-1,0,,,19/3/2024_10:22:8,none,default,321,Male,554,left,English,0,241,3,1,0,477.29260000051,1088.0727999974624,1763.1580000015674,2417.0223000037367,827.4163593999983,None,None,3025.4157000017585,13,unattended,regular,0.0,
0,-1,-1,0,,,19/3/2024_10:22:11,none,default,321,Male,554,left,English,0,242,3,0,0,462.70499999809545,1085.5423999964842,1653.2329999972717,2271.9674999971176,830.3014756999983,None,None,2879.461699994863,13,unattended,odd,0.0,
0,-1,-1,0,,,19/3/2024_10:22:14,none,default,321,Male,554,left,English,0,243,3,1,0,543.3839999968768,1175.8399000027566,1824.6282000036445,2438.9494999995804,833.3553260999979,None,None,3050.3211000032024,13,unattended,regular,0.0,
0,-1,-1,0,,,19/3/2024_10:22:17,none,default,321,Male,554,left,English,0,244,3,1,1,486.31590000150027,1067.3256000009133,1630.0830999971367,2312.5445999976364,836.2809200999982,None,None,2921.875,13,unattended,regular,0.0,
0,-1,-1,0,,,19/3/2024_10:22:20,none,default,321,Male,554,left,English,0,245,3,0,0,536.953299997549,1166.6126999989501,1803.9197999969474,2458.7726000027033,839.3499240999954,None,None,3066.0400000051595,13,unattended,odd,0.0,
0,-1,-1,0,,,19/3/2024_10:22:23,none,default,321,Male,554,left,English,0,246,3,1,0,524.2358000032254,1095.012300000235,1705.1052000024356,2365.0957999998354,842.325093899999,None,None,2972.0862000031048,13,unattended,regular,0.0,
0,-1,-1,0,,,19/3/2024_10:22:26,none,default,321,Male,554,left,English,0,247,3,1,0,565.8874000000651,1169.9005999980727,1811.8247999955202,2467.7641000016592,845.4015564999936,None,None,3073.530799993023,13,unattended,regular,0.0,
0,-1,-1,0,,,19/3/2024_10:22:29,none,default,321,Male,554,left,English,0,248,3,0,0,518.6219000024721,1198.450199997751,1787.180499995884,2477.695000001404,848.4876267,None,None,3082.977199999732,13,unattended,odd,0.0,
0,-1,-1,0,,,19/3/2024_10:22:32,none,default,321,Male,554,left,English,0,249,3,1,0,479.1477000035229,1110.8801000009407,1744.1307999979472,2387.811499997042,851.4875428999949,None,None,2996.6420999990078,13,unattended,regular,0.0,
0,-1,-1,0,,,19/3/2024_10:22:35,none,default,321,Male,554,left,English,0,250,3,1,0,567.1083999986877,1246.8517000015709,1834.1946000000462,2546.1216999974567,854.6440865999975,None,None,3153.2021000020904,13,unattended,regular,0.0,
0,-1,-1,0,,,19/3/2024_10:22:38,none,default,321,Male,554,left,English,0,251,3,1,0,570.0431000004755,1180.7603999986895,1769.9625999957789,2420.8236999984365,857.6761857999954,None,None,3028.8404999955674,13,unattended,regular,0.0,
0,-1,-1,0,,,19/3/2024_10:22:41,none,default,321,Male,554,left,English,0,252,3,0,0,567.1138000034261,1205.9346000023652,1859.8838000034448,2530.2970000047935,860.8156482999984,None,None,3137.597100001585,13,unattended,odd,0.0,
0,-1,-1,0,,,19/3/2024_10:22:44,none,default,321,Male,554,left,English,0,253,3,1,0,504.84100000176113,1144.6890000006533,1840.6299000052968,2415.3194000027725,863.8423253999936,None,None,3021.8860000022687,13,unattended,regular,0.0,
0,-1,-1,0,,,19/3/2024_10:22:47,none,default,321,Male,554,left,English,0,254,3,1,0,484.8571000038646,1133.081800006039,1805.0686000060523,2462.1623999992153,866.9231049999944,None,None,3072.7526000046055,13,unattended,regular,0.0,
0,-1,-1,0,,,19/3/2024_10:22:51,none,default,321,Male,554,left,English,0,255,3,0,0,557.7001000056043,1236.9191000034334,1865.1598000069498,2558.745900001668,870.0997590999978,None,None,3169.6909999955096,13,unattended,odd,0.0,
0,-1,-1,0,,,19/3/2024_10:22:54,none,default,321,Male,554,left,English,0,256,3,1,0,460.454000000027,1093.9311999973143,1791.9452999994974,2397.943600000872,873.1090527999986,None,None,3006.1041000008117,13,unattended,regular,0.0,
0,-1,-1,0,,,19/3/2024_10:22:57,none,default,321,Male,554,left,English,0,257,3,1,0,476.60950000135927,1139.3877000009525,1821.7320000039763,2419.1722000032314,876.143508299996,None,None,3031.550600004266,13,unattended,regular,0.0,
0,-1,-1,0,,,19/3/2024_10:23:0,none,default,321,Male,554,left,English,0,258,3,0,0,575.3832000045804,1266.4857000054326,1961.7151000056765,2564.077900002303,879.3197258,None,None,3173.1249000004027,13,unattended,odd,0.0,
0,-1,-1,0,,,19/3/2024_10:23:3,none,default,321,Male,554,left,English,0,259,3,0,0,573.3895999946981,1204.3679999987944,1886.6292999955476,2552.339900001243,882.4842696999985,None,None,3160.287899998366,13,unattended,odd,0.0,
0,-1,-1,0,,,19/3/2024_10:23:6,none,default,321,Male,554,left,English,0,260,3,1,3,497.10330000380054,1071.1077000014484,1729.1765000045416,2315.5268000045908,885.413009799995,None,None,2923.753700000816,13,unattended,regular,0.0,
0,-1,-1,0,,,19/3/2024_10:23:14,none,default,321,Male,554,left,English,0,261,3,1,0,508.42030000058,1131.1556000000564,1798.493000002054,2409.989799998584,893.091981599995,None,None,3022.6098999992246,14,unattended,regular,0.0,
0,-1,-1,0,,,19/3/2024_10:23:17,none,default,321,Male,554,left,English,0,262,3,0,0,554.1840000005323,1141.1655000047176,1757.2323999993387,2413.0284999992,896.1214941999933,None,None,3024.3955999976606,14,unattended,odd,0.0,
0,-1,-1,0,,,19/3/2024_10:23:20,none,default,321,Male,554,left,English,0,263,3,1,0,526.5297000005376,1234.0573000037693,1845.9468000000925,2433.3018000033917,899.1705961999978,None,None,3042.830699996557,14,unattended,regular,0.0,
0,-1,-1,0,,,19/3/2024_10:23:23,none,default,321,Male,554,left,English,0,264,3,1,0,586.4251999955741,1247.2706999978982,1943.2329999981448,2554.500400001416,902.3381888000004,None,None,3164.0954000031343,14,unattended,regular,0.0,
0,-1,-1,0,,,19/3/2024_10:23:26,none,default,321,Male,554,left,English,0,265,3,1,0,485.59820000082254,1156.6137999980128,1771.6207999983453,2357.9323000012664,905.3108772999985,None,None,2967.295100002957,14,unattended,regular,0.0,
0,-1,-1,0,,,19/3/2024_10:23:29,none,default,321,Male,554,left,English,0,266,3,0,0,533.8926999975229,1151.93420000287,1835.8703999983845,2512.3991000000387,908.4346975999943,None,None,3118.7807000023895,14,unattended,odd,0.0,
0,-1,-1,0,,,19/3/2024_10:23:32,none,default,321,Male,554,left,English,0,267,3,1,4,592.8801999980351,1226.6049999961979,1908.6287999962224,2551.8237999931443,911.5982286999933,None,None,3160.061200003838,14,unattended,regular,0.0,
0,-1,-1,0,,,19/3/2024_10:23:35,none,default,321,Male,554,left,English,0,268,3,1,0,578.405100000964,1203.4683999954723,1870.4373000000487,2471.554899995681,914.6824580999964,None,None,3080.719700003101,14,unattended,regular,0.0,
0,-1,-1,0,,,19/3/2024_10:23:38,none,default,321,Male,554,left,English,0,269,3,0,0,591.0895999986678,1182.0275999998557,1794.3820000000414,2465.344999996887,917.7597411999959,None,None,3074.057299993001,14,unattended,odd,0.0,
0,-1,-1,0,,,19/3/2024_10:23:41,none,default,321,Male,554,left,English,0,270,3,1,0,580.1503000038792,1170.5059000014444,1768.3967999982997,2421.8171000029542,920.7936513999957,None,None,3030.8512000046903,14,unattended,regular,0.0,
0,-1,-1,0,,,19/3/2024_10:23:44,none,default,321,Male,554,left,English,0,271,3,1,0,510.11510000535054,1088.758100006089,1693.8330000048154,2335.4610000023968,923.7365613999937,None,None,2941.2775999953737,14,unattended,regular,0.0,
0,-1,-1,0,,,19/3/2024_10:23:47,none,default,321,Male,554,left,English,0,272,3,0,0,553.9605000012671,1131.80960000318,1815.1616000031936,2460.288900001615,926.8074846999953,None,None,3068.1887999962782,14,unattended,odd,0.0,
0,-1,-1,0,,,19/3/2024_10:23:50,none,default,321,Male,554,left,English,0,273,3,1,4,517.9112000041641,1097.7579000027617,1762.8672999999253,2420.9084000031,929.8364214999965,None,None,3026.308799999242,14,unattended,regular,0.0,
0,-1,-1,0,,,19/3/2024_10:23:53,none,default,321,Male,554,left,English,0,274,3,1,0,562.6585999998497,1150.2181000032579,1724.7248999992735,2424.922999998671,932.8745005999954,None,None,3035.6850999960443,14,unattended,regular,0.0,
0,-1,-1,0,,,19/3/2024_10:23:56,none,default,321,Male,554,left,English,0,275,3,0,0,538.4676000030595,1130.4098000036902,1803.6025000037625,2371.543000001111,935.8582517999967,None,None,2980.6597999995574,14,unattended,odd,0.0,
0,-1,-1,0,,,19/3/2024_10:23:59,none,default,321,Male,554,left,English,0,276,3,1,0,578.5427000009804,1235.8683999991626,1818.8978000034695,2479.500499997812,938.9498231999969,None,None,3087.834699996165,14,unattended,regular,0.0,
0,-1,-1,0,,,19/3/2024_10:24:2,none,default,321,Male,554,left,English,0,277,3,1,0,532.6608000032138,1146.946000000753,1727.9120000021067,2339.921899998444,941.9043344999955,None,None,2950.806699998793,14,unattended,regular,0.0,
0,-1,-1,0,,,19/3/2024_10:24:6,none,default,321,Male,554,left,English,0,278,3,0,0,574.8139999996056,1148.3168999984628,1832.8285000025062,2539.9575999981607,945.0532641999962,None,None,3146.1060000001453,14,unattended,odd,0.0,
0,-1,-1,0,,,19/3/2024_10:24:8,none,default,321,Male,554,left,English,0,279,3,0,0,482.6792000021669,1075.7327000028454,1669.8359000001801,2337.7273000005516,948.0013010999974,None,None,2944.719499995699,14,unattended,odd,0.0,
0,-1,-1,0,,,19/3/2024_10:24:11,none,default,321,Male,554,left,English,0,280,3,1,0,541.4621000018087,1215.92370000144,1787.2564999997849,2418.8664999965113,951.0310543999949,None,None,3026.528900001722,14,unattended,regular,0.0,
0,-1,-1,0,,,19/3/2024_10:24:17,none,default,321,Male,554,left,English,0,281,3,1,0,544.5976000046358,1194.2378000021563,1860.4064000028302,2509.2157000035513,956.3533463999993,None,None,3116.5896999955294,15,unattended,regular,0.0,
0,-1,-1,0,,,19/3/2024_10:24:20,none,default,321,Male,554,left,English,0,282,3,1,0,573.1371000001673,1244.052099995315,1859.3199999959324,2539.923299998918,959.5083528999967,None,None,3152.007299999241,15,unattended,regular,0.0,
0,-1,-1,0,,,19/3/2024_10:24:23,none,default,321,Male,554,left,English,0,283,3,0,0,513.5731999980635,1143.5331999964546,1743.7491999953636,2368.3907999948133,962.4917512999964,None,None,2979.787699994631,15,unattended,odd,0.0,
0,-1,-1,0,,,19/3/2024_10:24:26,none,default,321,Male,554,left,English,0,284,3,1,0,560.2346000014222,1190.0058000028366,1840.0225000004866,2461.904900002992,965.564229399999,None,None,3069.34220000403,15,unattended,regular,0.0,
0,-1,-1,0,,,19/3/2024_10:24:29,none,default,321,Male,554,left,English,0,285,3,1,0,505.31790000241017,1070.4836000004434,1745.484300001408,2382.5184000015724,968.5568069000001,None,None,2989.0649000008125,15,unattended,regular,0.0,
0,-1,-1,0,,,19/3/2024_10:24:32,none,default,321,Male,554,left,English,0,286,3,0,0,548.036599997431,1162.1248000010382,1835.4357999996864,2492.982199997641,971.6647550999987,None,None,3102.4088999984087,15,unattended,odd,0.0,
0,-1,-1,0,,,19/3/2024_10:24:35,none,default,321,Male,554,left,English,0,287,3,1,0,563.9769999979762,1186.5028999964125,1825.1946999953361,2440.0262999988627,974.7177290999971,None,None,3048.1824000016786,15,unattended,regular,0.0,
0,-1,-1,0,,,19/3/2024_10:24:38,none,default,321,Male,554,left,English,0,288,3,1,0,488.17399999825284,1097.1767000010004,1678.3537000010256,2373.488199998974,977.7071574999936,None,None,2984.5789999963017,15,unattended,regular,0.0,
0,-1,-1,0,,,19/3/2024_10:24:41,none,default,321,Male,554,left,English,0,289,3,0,0,472.54599999723723,1074.0995000014664,1701.1456999971415,2391.090400000394,980.7118057999978,None,None,3000.0816999963718,15,unattended,odd,0.0,
0,-1,-1,0,,,19/3/2024_10:24:44,none,default,321,Male,554,left,English,0,290,3,1,0,523.7202999996953,1141.6756000035093,1844.324100005906,2419.5830000026035,983.745359099994,None,None,3029.685599998629,15,unattended,regular,0.0,
0,-1,-1,0,,,19/3/2024_10:24:47,none,default,321,Male,554,left,English,0,291,3,1,0,590.4101999985869,1271.4705999969738,1980.8895999958622,2562.730099998589,986.9206914999959,None,None,3170.618200005265,15,unattended,regular,0.0,
0,-1,-1,0,,,19/3/2024_10:24:51,none,default,321,Male,554,left,English,0,292,3,0,0,566.013000003295,1197.6980999970692,1855.4291000036756,2523.6767000023974,990.0558692999984,None,None,3130.2289000013843,15,unattended,odd,0.0,
0,-1,-1,0,,,19/3/2024_10:24:53,none,default,321,Male,554,left,English,0,293,3,1,0,476.61410000000615,1082.8932000003988,1645.7158000048366,2246.7459000035888,992.9143382999973,None,None,2854.2636999991373,15,unattended,regular,0.0,
0,-1,-1,0,,,19/3/2024_10:24:56,none,default,321,Male,554,left,English,0,294,3,1,0,467.74050000385614,1080.7562000045436,1784.6209000053932,2457.643300003838,995.9810268999936,None,None,3063.16639999568,15,unattended,regular,0.0,
0,-1,-1,0,,,19/3/2024_10:24:59,none,default,321,Male,554,left,English,0,295,3,0,0,505.6403999988106,1082.8697999968426,1764.6281999986968,2386.3461000000825,998.9821238999939,None,None,2996.111000000383,15,unattended,odd,0.0,
0,-1,-1,0,,,19/3/2024_10:25:2,none,default,321,Male,554,left,English,0,296,3,1,0,486.2790000042878,1060.350899999321,1751.6059999979916,2331.8207999982405,1001.9314957999959,None,None,2946.080300003814,15,unattended,regular,0.0,
0,-1,-1,0,,,19/3/2024_10:25:5,none,default,321,Male,554,left,English,0,297,3,1,0,572.6204000020516,1211.764799998491,1838.3530999999493,2452.36560000194,1004.9923710999938,None,None,3058.0848999961745,15,unattended,regular,0.0,
0,-1,-1,0,,,19/3/2024_10:25:8,none,default,321,Male,554,left,English,0,298,3,0,0,528.8765000004787,1129.873799996858,1708.8604999953532,2288.376299999072,1007.8970805999998,None,None,2898.365699998976,15,unattended,odd,0.0,
0,-1,-1,0,,,19/3/2024_10:25:11,none,default,321,Male,554,left,English,0,299,3,1,0,559.9623000016436,1202.5818999973126,1819.063399998413,2384.2648999998346,1010.8923679999934,None,None,2989.614400001301,15,unattended,regular,0.0,
0,-1,-1,0,,,19/3/2024_10:25:14,none,default,321,Male,554,left,English,0,300,3,0,0,571.5550999957486,1150.1362999988487,1773.3679000011762,2429.2946999994456,1013.9348172999962,None,None,3038.4119000009377,15,unattended,odd,0.0,
0,-1,-1,0,,,19/3/2024_10:25:23,none,default,321,Male,554,left,English,0,301,1,1,0,592.6901000057114,1274.342800003069,1948.7139000048046,2645.590500003891,1022.4642566999973,space,2841.6460000007646,3258.198600000469,16,unattended,regular,0.0,
0,-1,-1,0,,,19/3/2024_10:25:26,none,default,321,Male,554,left,English,0,302,1,0,0,563.5710999995354,1221.6501000002609,1912.1378999989247,2520.9047999960603,1025.6086896999986,space,2799.8076000003493,3135.230200001388,16,unattended,odd,0.0,
0,-1,-1,0,,,19/3/2024_10:25:29,none,default,321,Male,554,left,English,0,303,1,1,0,593.3701999965706,1172.0415000017965,1771.697399999539,2414.121100002376,1028.6389656999963,space,1700.7559999983641,3023.795200002496,16,unattended,regular,0.0,
0,-1,-1,0,,,19/3/2024_10:25:32,none,default,321,Male,554,left,English,0,304,1,1,0,494.47479999798816,1121.4060999991489,1754.2352000018582,2336.128599999938,1031.5957782999976,None,None,2945.463200005179,16,unattended,regular,0.0,
0,-1,-1,0,,,19/3/2024_10:25:35,none,default,321,Male,554,left,English,0,305,1,0,0,481.4641000048141,1139.2974000045797,1766.528300002392,2340.7462000031956,1034.5443285999936,None,None,2945.320900005754,16,unattended,odd,0.0,
0,-1,-1,0,,,19/3/2024_10:25:38,none,default,321,Male,554,left,English,0,306,1,1,0,594.5926000058535,1180.643500003498,1889.6931000053883,2497.9751000064425,1037.6557707999964,None,None,3108.512899998459,16,unattended,regular,0.0,
0,-1,-1,0,,,19/3/2024_10:25:41,none,default,321,Male,554,left,English,0,307,1,1,0,485.350599999947,1194.634599996789,1842.6062999933492,2434.8861999969813,1040.7004476000002,None,None,3041.020299999218,16,unattended,regular,0.0,
0,-1,-1,0,,,19/3/2024_10:25:44,none,default,321,Male,554,left,English,0,308,1,1,0,584.5277999978862,1244.4680999979028,1855.2784999992582,2494.8208999994677,1043.8022541999962,None,None,3098.61980000278,16,unattended,regular,0.0,
0,-1,-1,0,,,19/3/2024_10:25:47,none,default,321,Male,554,left,English,0,309,1,0,0,545.7324999952107,1193.9187999960268,1816.4485000015702,2481.413599998632,1046.8939632999973,None,None,3089.0838999985135,16,unattended,odd,0.0,
0,-1,-1,0,,,19/3/2024_10:25:50,none,default,321,Male,554,left,English,0,310,1,1,0,531.5711999937776,1163.0205999972532,1736.5186999959406,2324.161999997159,1049.8342589999957,None,None,2932.0999999981723,16,unattended,regular,0.0,
0,-1,-1,0,,,19/3/2024_10:25:53,none,default,321,Male,554,left,English,0,311,1,1,0,525.0207999997656,1122.3251999981585,1710.0090000021737,2408.3869000023697,1052.850498599997,None,None,3014.101999993727,16,unattended,regular,0.0,
0,-1,-1,0,,,19/3/2024_10:25:56,none,default,321,Male,554,left,English,0,312,1,0,0,526.9749999933993,1220.6080999967526,1818.809999997029,2471.9146999996156,1055.9357582999946,None,None,3082.2445999947377,16,unattended,odd,0.0,
0,-1,-1,0,,,19/3/2024_10:25:59,none,default,321,Male,554,left,English,0,313,1,1,0,518.8162000049488,1128.801900005783,1741.3200000009965,2320.604100001219,1058.8690967999937,None,None,2930.3790999983903,16,unattended,regular,0.0,
0,-1,-1,0,,,19/3/2024_10:26:2,none,default,321,Male,554,left,English,0,314,1,1,0,489.9405999967712,1151.9453000000794,1853.93039999326,2490.1116999972146,1061.9695731999964,None,None,3097.8877000015927,16,unattended,regular,0.0,
0,-1,-1,0,,,19/3/2024_10:26:5,none,default,321,Male,554,left,English,0,315,1,0,0,482.06539999955567,1167.3800999997184,1759.1480999981286,2383.1514999983483,1064.9636601999955,None,None,2991.5628000017023,16,unattended,odd,0.0,
0,-1,-1,0,,,19/3/2024_10:26:8,none,default,321,Male,554,left,English,0,316,1,1,0,559.0946000011172,1156.9038000016008,1780.500499997288,2452.3570999954245,1068.0296426999994,None,None,3060.9576999995625,16,unattended,regular,0.0,
0,-1,-1,0,,,19/3/2024_10:26:12,none,default,321,Male,554,left,English,0,317,1,1,0,530.4902999996557,1200.9297000040533,1816.8096000008518,2425.956300001417,1071.0700354999935,None,None,3032.9942000025767,16,unattended,regular,0.0,
0,-1,-1,0,,,19/3/2024_10:26:15,none,default,321,Male,554,left,English,0,318,1,0,0,554.5347000006586,1150.6282000045758,1843.746899998223,2436.7593999995734,1074.1197318999984,None,None,3042.9930000027525,16,unattended,odd,0.0,
0,-1,-1,0,,,19/3/2024_10:26:18,none,default,321,Male,554,left,English,0,319,1,0,0,465.67399999912595,1147.285400002147,1800.1937000008184,2486.0951000009663,1077.2142873999983,None,None,3090.2515000052517,16,unattended,odd,0.0,
0,-1,-1,0,,,19/3/2024_10:26:21,none,default,321,Male,554,left,English,0,320,1,1,0,479.22810000454774,1124.3039000037243,1723.275200005446,2379.3237999998382,1080.202582799997,None,None,2984.758700004022,16,unattended,regular,0.0,
0,-1,-1,0,,,19/3/2024_10:26:45,none,default,321,Male,554,left,English,0,321,1,1,0,501.03990000206977,1076.9846000039252,1777.0369999998366,2391.0948999982793,1104.8931270999965,space,1867.3081999950227,2999.1073999990476,17,unattended,regular,0.0,
0,-1,-1,0,,,19/3/2024_10:26:48,none,default,321,Male,554,left,English,0,322,1,1,0,533.2775999995647,1224.2840000035358,1819.3186999997124,2397.5791999982903,1107.8991131999937,None,None,3003.479500002868,17,unattended,regular,0.0,
0,-1,-1,0,,,19/3/2024_10:26:51,none,default,321,Male,554,left,English,0,323,1,0,0,501.42520000372315,1100.2953999995952,1705.4271000015433,2381.3233000037144,1110.8938494999966,None,None,2989.2634999996517,17,unattended,odd,0.0,
0,-1,-1,0,,,19/3/2024_10:26:54,none,default,321,Male,554,left,English,0,324,1,1,1,587.1277000042028,1184.952900002827,1830.2045000018552,2406.575900000462,1113.9178460999974,None,None,3016.008200000215,17,unattended,regular,0.0,
0,-1,-1,0,,,19/3/2024_10:26:57,none,default,321,Male,554,left,English,0,325,1,1,0,470.0968999968609,1152.8856000004453,1732.264500002202,2334.7652000011294,1116.865758,None,None,2941.586399996595,17,unattended,regular,0.0,
0,-1,-1,0,,,19/3/2024_10:27:0,none,default,321,Male,554,left,English,0,326,1,0,0,597.4892000012915,1260.3961000058916,1833.3585000000312,2463.8972000029753,1119.9378216999976,None,None,3068.0887999988045,17,unattended,odd,0.0,
0,-1,-1,0,,,19/3/2024_10:27:3,none,default,321,Male,554,left,English,0,327,1,1,0,507.6535000043805,1089.5267000014428,1718.197300004249,2383.29689999955,1122.9321028999984,None,None,2990.75509999966,17,unattended,regular,0.0,
0,-1,-1,0,,,19/3/2024_10:27:6,none,default,321,Male,554,left,English,0,328,1,1,0,540.5403000040678,1129.481100004341,1730.7369000045583,2445.122099998116,1125.9994828999988,None,None,3063.617700005125,17,unattended,regular,0.0,
0,-1,-1,0,,,19/3/2024_10:27:10,none,default,321,Male,554,left,English,0,329,1,0,0,464.5592999950168,1099.131999995734,1776.4851999963867,2474.8349000001326,1129.0841060999956,None,None,3081.792699995276,17,unattended,odd,0.0,
0,-1,-1,0,,,19/3/2024_10:27:13,none,default,321,Male,554,left,English,0,330,1,1,0,502.9923999973107,1160.8453000008012,1766.56489999732,2411.249600001611,1132.1096113999956,None,None,3019.1938999996637,17,unattended,regular,0.0,
0,-1,-1,0,,,19/3/2024_10:27:16,none,default,321,Male,554,left,English,0,331,1,1,0,590.5775999999605,1282.341300000553,1929.1219000006095,2505.9382999970694,1135.2265692,None,None,3110.6948999949964,17,unattended,regular,0.0,
0,-1,-1,0,,,19/3/2024_10:27:19,none,default,321,Male,554,left,English,0,332,1,0,0,542.4294999975245,1139.6583999958239,1746.5783999941777,2384.686999997939,1138.2244303999978,None,None,2993.04320000374,17,unattended,odd,0.0,
0,-1,-1,0,,,19/3/2024_10:27:22,none,default,321,Male,554,left,English,0,333,1,1,2,513.8622000013129,1196.2423000004492,1779.2350000017905,2472.8962000008323,1141.3086189999958,None,None,3079.5067999933963,17,unattended,regular,0.0,
0,-1,-1,0,,,19/3/2024_10:27:25,none,default,321,Male,554,left,English,0,334,1,1,0,547.6533000037307,1120.7863000017824,1770.9707000030903,2425.799700002244,1144.3550012999985,None,None,3042.0024000050034,17,unattended,regular,0.0,
0,-1,-1,0,,,19/3/2024_10:27:28,none,default,321,Male,554,left,English,0,335,1,0,0,476.96169999835547,1115.350000000035,1676.3881000006222,2372.130299998389,1147.3454562999977,None,None,2985.289800002647,17,unattended,odd,0.0,
0,-1,-1,0,,,19/3/2024_10:27:31,none,default,321,Male,554,left,English,0,336,1,1,0,483.2808999999543,1056.6532000011648,1743.4252999955788,2316.806799994083,1150.2744344999956,None,None,2925.174399999378,17,unattended,regular,0.0,
0,-1,-1,0,,,19/3/2024_10:27:34,none,default,321,Male,554,left,English,0,337,1,1,0,569.9748999977601,1184.8689999969793,1883.295100000396,2458.5133000000496,1153.3482347999961,None,None,3067.9155999969225,17,unattended,regular,0.0,
0,-1,-1,0,,,19/3/2024_10:27:37,none,default,321,Male,554,left,English,0,338,1,0,0,498.89960000291467,1078.826700002537,1758.888600001228,2432.618300001195,1156.3959723999942,None,None,3041.2308999948436,17,unattended,odd,0.0,
0,-1,-1,0,,,19/3/2024_10:27:40,none,default,321,Male,554,left,English,0,339,1,0,0,566.2069999962114,1225.2330999981496,1890.1497999977437,2535.418799998297,1159.5435013999959,None,None,3143.69550000265,17,unattended,odd,0.0,
0,-1,-1,0,,,19/3/2024_10:27:43,none,default,321,Male,554,left,English,0,340,1,1,0,610.3369999982533,1195.6741000030888,1867.172300000675,2445.239599997876,1162.6005216999984,None,None,3053.110499997274,17,unattended,regular,0.0,
0,-1,-1,0,,,19/3/2024_10:27:50,none,default,321,Male,554,left,English,0,341,1,1,0,474.95060000073863,1078.730799999903,1663.3628999989014,2366.646900001797,1169.8420241999993,None,None,2974.3149999994785,18,unattended,regular,0.0,
0,-1,-1,0,,,19/3/2024_10:27:53,none,default,321,Male,554,left,English,0,342,1,1,0,523.5831000027247,1103.8446000020485,1685.00689999928,2376.7017999998643,1172.8352297999954,None,None,2988.1869000018924,18,unattended,regular,0.0,
0,-1,-1,0,,,19/3/2024_10:27:56,none,default,321,Male,554,left,English,0,343,1,0,0,551.8239000011818,1234.0368000004673,1831.0080000010203,2498.6171999989892,1175.949118599994,None,None,3108.625499997288,18,unattended,odd,0.0,
0,-1,-1,0,,,19/3/2024_10:27:59,none,default,321,Male,554,left,English,0,344,1,1,0,535.2203000002191,1115.472099998442,1719.2771999980323,2427.1736000009696,1178.9885214999958,None,None,3036.168099999486,18,unattended,regular,0.0,
0,-1,-1,0,,,19/3/2024_10:28:2,none,default,321,Male,554,left,English,0,345,1,1,0,488.3140000019921,1166.3461999996798,1752.6118000023416,2325.1654999985476,1181.9217114999992,None,None,2930.7368000008864,18,unattended,regular,0.0,
0,-1,-1,0,,,19/3/2024_10:28:6,none,default,321,Male,554,left,English,0,346,1,0,0,543.1430000026012,1217.7362000002177,1832.3629000005894,2536.165199999232,1185.067931599995,space,605.3322000007029,3144.5332000002963,18,unattended,odd,0.0,
0,-1,-1,0,,,19/3/2024_10:28:9,none,default,321,Male,554,left,English,0,347,1,1,0,517.2299999976531,1157.170300000871,1722.131200003787,2366.806500001985,1188.0404251999935,None,None,2971.0024000014528,18,unattended,regular,0.0,
0,-1,-1,0,,,19/3/2024_10:28:12,none,default,321,Male,554,left,English,0,348,1,1,0,580.7105000058073,1221.261600003345,1874.8410000043805,2493.804200006707,1191.1439833999975,None,None,3101.2475000025006,18,unattended,regular,0.0,
0,-1,-1,0,,,19/3/2024_10:28:15,none,default,321,Male,554,left,English,0,349,1,0,0,576.1161999980686,1216.0794000010355,1915.3665999983787,2564.3634000007296,1194.3192424999943,None,None,3172.224499998265,18,unattended,odd,0.0,
0,-1,-1,0,,,19/3/2024_10:28:18,none,default,321,Male,554,left,English,0,350,1,1,0,461.01460000500083,1126.210300004459,1745.3508000035072,2410.1810000065598,1197.3413236999986,None,None,3018.3116999978665,18,unattended,regular,0.0,
0,-1,-1,0,,,19/3/2024_10:28:21,none,default,321,Male,554,left,English,0,351,1,1,3,524.9391999968793,1152.6484999994864,1824.5838999937405,2521.437599993078,1200.4744573999997,None,None,3131.0240999955568,18,unattended,regular,0.0,
0,-1,-1,0,,,19/3/2024_10:28:24,none,default,321,Male,554,left,English,0,352,1,0,0,535.3915999949095,1116.1099999953876,1702.3370999959297,2396.0810999997193,1203.481514399995,None,None,3003.5504999978,18,unattended,odd,0.0,
0,-1,-1,0,,,19/3/2024_10:28:27,none,default,321,Male,554,left,English,0,353,1,1,3,561.7144999996526,1207.3732999997446,1842.4913999988348,2509.460699999181,1206.6013648999942,None,None,3116.690800001379,18,unattended,regular,0.0,
0,-1,-1,0,,,19/3/2024_10:28:30,none,default,321,Male,554,left,English,0,354,1,1,0,558.091400002013,1150.8928000039305,1832.2441999989678,2426.6290000014124,1209.6417022999958,None,None,3037.1576999968966,18,unattended,regular,0.0,
0,-1,-1,0,,,19/3/2024_10:28:33,none,default,321,Male,554,left,English,0,355,1,0,0,533.692400000291,1102.87039999821,1685.3149000016856,2365.7920000041486,1212.6167512999964,None,None,2972.163400001591,18,unattended,odd,0.0,
0,-1,-1,0,,,19/3/2024_10:28:36,none,default,321,Male,554,left,English,0,356,1,1,0,531.0609000007389,1197.0178999981727,1905.4455000004964,2477.9338000007556,1215.7065382999936,None,None,3087.015400000382,18,unattended,regular,0.0,
0,-1,-1,0,,,19/3/2024_10:28:39,none,default,321,Male,554,left,English,0,357,1,1,0,595.4771999968216,1249.3720999991638,1889.3363999959547,2580.2178000012645,1218.898130499998,None,None,3188.5700000057113,18,unattended,regular,0.0,
0,-1,-1,0,,,19/3/2024_10:28:42,none,default,321,Male,554,left,English,0,358,1,0,0,575.6829000019934,1186.307099997066,1760.6142000004184,2351.2082000015653,1221.860148199994,None,None,2958.355399998254,18,unattended,odd,0.0,
0,-1,-1,0,,,19/3/2024_10:28:45,none,default,321,Male,554,left,English,0,359,1,0,0,515.6496999989031,1136.7888000022504,1754.762100004882,2436.1777000012808,1224.9085129999949,None,None,3043.5044999976526,18,unattended,odd,0.0,
0,-1,-1,0,,,19/3/2024_10:28:48,none,default,321,Male,554,left,English,0,360,1,1,4,478.55120000167517,1048.5511000006227,1624.3538999988232,2292.8631999966456,1227.8156729999973,None,None,2902.096199999505,18,unattended,regular,0.0,
0,-1,-1,0,,,19/3/2024_10:28:57,none,default,321,Male,554,left,English,0,361,1,1,0,522.8205000021262,1194.8544999977457,1809.0683999980683,2491.9922999979462,1236.2734601999982,None,None,3099.8182999974233,19,unattended,regular,0.0,
0,-1,-1,0,,,19/3/2024_10:29:0,none,default,321,Male,554,left,English,0,362,1,0,0,476.0714000003645,1083.7558999992325,1722.6766000021598,2412.8994999991846,1239.3025626999952,None,None,3024.583200000052,19,unattended,odd,0.0,
0,-1,-1,0,,,19/3/2024_10:29:3,none,default,321,Male,554,left,English,0,363,1,1,0,587.5215999985812,1221.433699996851,1847.3841000013635,2491.931600001408,1242.409809699995,None,None,3100.5801999999676,19,unattended,regular,0.0,
0,-1,-1,0,,,19/3/2024_10:29:6,none,default,321,Male,554,left,English,0,364,1,1,0,508.9002000022447,1169.9003000030643,1756.6093999994337,2420.7540999996127,1245.4428406999941,None,None,3026.2302000046475,19,unattended,regular,0.0,
0,-1,-1,0,,,19/3/2024_10:29:9,none,default,321,Male,554,left,English,0,365,1,1,0,521.855200000573,1136.79509999929,1765.234500002407,2393.5573999988264,1248.4480807,None,None,3001.3060999990557,19,unattended,regular,0.0,
0,-1,-1,0,,,19/3/2024_10:29:12,none,default,321,Male,554,left,English,0,366,1,0,0,493.8410000031581,1074.499200003629,1754.376000004413,2418.3247000037227,1251.477520499997,None,None,3024.4562000007136,19,unattended,odd,0.0,
0,-1,-1,0,,,19/3/2024_10:29:15,none,default,321,Male,554,left,English,0,367,1,1,0,531.6358999989461,1100.9876000025542,1762.208100000862,2364.981800004898,1254.4595390999966,None,None,2975.284099993587,19,unattended,regular,0.0,
0,-1,-1,0,,,19/3/2024_10:29:18,none,default,321,Male,554,left,English,0,368,1,1,0,477.16180000134045,1143.054400003166,1784.4881000055466,2375.9788000024855,1257.4490219999934,None,None,2985.2162999959546,19,unattended,regular,0.0,
0,-1,-1,0,,,19/3/2024_10:29:21,none,default,321,Male,554,left,English,0,369,1,0,0,576.9530000034138,1269.266700001026,1955.772799999977,2590.2363000059268,1260.6501567999949,None,None,3198.192099996959,19,unattended,odd,0.0,
0,-1,-1,0,,,19/3/2024_10:29:24,none,default,321,Male,554,left,English,0,370,1,1,0,509.8952999978792,1194.0268000034848,1857.0748999991338,2517.1604999995907,1263.7783675999963,None,None,3125.2301999993506,19,unattended,regular,0.0,
0,-1,-1,0,,,19/3/2024_10:29:27,none,default,321,Male,554,left,English,0,371,1,1,0,522.7076999944984,1218.617999998969,1906.3074000005145,2600.3189999973984,1266.984643799995,None,None,3204.278899997007,19,unattended,regular,0.0,
0,-1,-1,0,,,19/3/2024_10:29:31,none,default,321,Male,554,left,English,0,372,1,0,1,550.1736999940476,1149.1797999988194,1802.5278999994043,2486.333199994988,1270.0777678999948,None,None,3091.3082999977632,19,unattended,odd,0.0,
0,-1,-1,0,,,19/3/2024_10:29:34,none,default,321,Male,554,left,English,0,373,1,1,0,492.69009999989066,1144.2454999996698,1791.9683000000077,2438.8493000005838,1273.1245853,None,None,3044.8397000000114,19,unattended,regular,0.0,
0,-1,-1,0,,,19/3/2024_10:29:36,none,default,321,Male,554,left,English,0,374,1,1,0,553.5467000008794,1126.4601000002585,1706.6328000000794,2277.5259999980335,1276.0168844,None,None,2889.8786999998265,19,unattended,regular,0.0,
0,-1,-1,0,,,19/3/2024_10:29:39,none,default,321,Male,554,left,English,0,375,1,0,0,470.3083999993396,1150.5825999993249,1809.8604999977397,2378.6822999973083,1279.0051750999992,None,None,2985.486799996579,19,unattended,odd,0.0,
0,-1,-1,0,,,19/3/2024_10:29:42,none,default,321,Male,554,left,English,0,376,1,1,0,554.1681999966386,1133.466799998132,1744.8816999967676,2343.6119000034523,1281.9573491999981,None,None,2949.550499994075,19,unattended,regular,0.0,
0,-1,-1,0,,,19/3/2024_10:29:45,none,default,321,Male,554,left,English,0,377,1,1,0,514.840900003037,1091.3657000055537,1683.2912000027136,2382.8551000042353,1284.9538773999957,None,None,2993.3267000014894,19,unattended,regular,0.0,
0,-1,-1,0,,,19/3/2024_10:29:48,none,default,321,Male,554,left,English,0,378,1,0,0,514.3661999973119,1174.1860999973142,1757.4574999962351,2454.677999994601,1288.0274263999963,None,None,3066.113900000346,19,unattended,odd,0.0,
0,-1,-1,0,,,19/3/2024_10:29:52,none,default,321,Male,554,left,English,0,379,1,0,0,493.6256000000867,1192.8496999971685,1811.4206999962335,2477.6743999973405,1291.123885299996,None,None,3090.509600006044,19,unattended,odd,0.0,
0,-1,-1,0,,,19/3/2024_10:29:55,none,default,321,Male,554,left,English,0,380,1,1,4,525.9752999991179,1140.466100005142,1828.2190000027185,2444.8794000054477,1294.1803384999948,None,None,3052.781300000788,19,unattended,regular,0.0,
0,-1,-1,0,,,19/3/2024_10:30:3,none,default,321,Male,554,left,English,0,381,1,1,0,530.6685000032303,1194.6881000039866,1868.473599999561,2557.306900002004,1302.6545555999983,None,None,3162.432000004628,20,unattended,regular,0.0,
0,-1,-1,0,,,19/3/2024_10:30:6,none,default,321,Male,554,left,English,0,382,1,1,0,508.15520000469405,1191.140400005679,1837.2221000026911,2413.177500005986,1305.674872399999,None,None,3017.9540000026464,20,unattended,regular,0.0,
0,-1,-1,0,,,19/3/2024_10:30:9,none,default,321,Male,554,left,English,0,383,1,0,0,550.0619000013103,1131.9980999978725,1718.3298999952967,2374.543599995377,1308.6612565999967,None,None,2982.870300002105,20,unattended,odd,0.0,
0,-1,-1,0,,,19/3/2024_10:30:12,none,default,321,Male,554,left,English,0,384,1,1,0,522.8943999973126,1124.938300003123,1804.1181000007782,2446.575300004042,1311.724342399997,None,None,3057.8859000015655,20,unattended,regular,0.0,
0,-1,-1,0,,,19/3/2024_10:30:15,none,default,321,Male,554,left,English,0,385,1,1,0,517.6401999997324,1114.1272000022582,1826.2691000054474,2475.392300002568,1314.8101690999974,None,None,3083.1015999938245,20,unattended,regular,0.0,
0,-1,-1,0,,,19/3/2024_10:30:18,none,default,321,Male,554,left,English,0,386,1,0,0,523.0558999974164,1092.7497999946354,1740.3901999932714,2426.5165999968303,1317.8487836999993,None,None,3034.57100000378,20,unattended,odd,0.0,
0,-1,-1,0,,,19/3/2024_10:30:21,none,default,321,Male,554,left,English,0,387,1,1,0,533.1999999980326,1165.3510999967693,1837.1673000001465,2477.0940999951563,1320.9389152999938,None,None,3086.0041999985697,20,unattended,regular,0.0,
0,-1,-1,0,,,19/3/2024_10:30:24,none,default,321,Male,554,left,English,0,388,1,1,0,524.2029000000912,1123.459800001001,1707.1170000053826,2269.7186000004876,1323.8199351999938,None,None,2878.579500000342,20,unattended,regular,0.0,
0,-1,-1,0,,,19/3/2024_10:30:27,none,default,321,Male,554,left,English,0,389,1,0,0,585.9074000036344,1229.8414999968372,1918.445299997984,2532.863799999177,1326.9625900999963,None,None,3139.960799999244,20,unattended,odd,0.0,
0,-1,-1,0,,,19/3/2024_10:30:30,none,default,321,Male,554,left,English,0,390,1,1,0,506.36369999847375,1097.0233999978518,1687.2163000007276,2260.518000002776,1329.835683199999,None,None,2870.6384999968577,20,unattended,regular,0.0,
0,-1,-1,0,,,19/3/2024_10:30:33,none,default,321,Male,554,left,English,0,391,1,1,0,471.1592000021483,1114.3054999993183,1768.5195000012754,2368.609099998139,1332.8155237999963,None,None,2976.6685999929905,20,unattended,regular,0.0,
0,-1,-1,0,,,19/3/2024_10:30:36,none,default,321,Male,554,left,English,0,392,1,0,0,547.9443000003812,1210.8563000001595,1812.5346999950125,2517.02479999949,1335.9409098999968,None,None,3121.22900000395,20,unattended,odd,0.0,
0,-1,-1,0,,,19/3/2024_10:30:39,none,default,321,Male,554,left,English,0,393,1,1,0,493.0168999999296,1181.2682000017958,1786.8309000041336,2464.64990000095,1339.019656999997,None,None,3071.3783000028343,20,unattended,regular,0.0,
0,-1,-1,0,,,19/3/2024_10:30:43,none,default,321,Male,554,left,English,0,394,1,1,0,572.6200000062818,1185.989800003881,1791.0059000059846,2465.1701000038884,1342.0956111999985,None,None,3072.2297000029357,20,unattended,regular,0.0,
0,-1,-1,0,,,19/3/2024_10:30:46,none,default,321,Male,554,left,English,0,395,1,0,0,501.41250000160653,1173.8719999993918,1763.7911999991047,2398.0949000033434,1345.105750499999,None,None,3006.948199996259,20,unattended,odd,0.0,
0,-1,-1,0,,,19/3/2024_10:30:49,none,default,321,Male,554,left,English,0,396,1,1,0,508.14810000156285,1157.5697000007494,1807.5756999969599,2513.386400001764,1348.232584999998,None,None,3123.24250000529,20,unattended,regular,0.0,
0,-1,-1,0,,,19/3/2024_10:30:52,none,default,321,Male,554,left,English,0,397,1,1,0,550.8269999991171,1223.8853000017116,1907.0747000005213,2519.51530000224,1351.3666916999937,None,None,3126.843199999712,20,unattended,regular,0.0,
0,-1,-1,0,,,19/3/2024_10:30:55,none,default,321,Male,554,left,English,0,398,1,0,0,533.6114000019734,1110.856600003899,1775.2659000034328,2448.394200000621,1354.426400999997,None,None,3054.7148999976343,20,unattended,odd,0.0,
0,-1,-1,0,,,19/3/2024_10:30:58,none,default,321,Male,554,left,English,0,399,1,1,3,477.23060000134865,1113.5644999958458,1763.2283999992069,2375.673700000334,1357.4139756000004,None,None,2981.85150000063,20,unattended,regular,0.0,
0,-1,-1,0,,,19/3/2024_10:31:1,none,default,321,Male,554,left,English,0,400,1,0,0,462.08939999633003,1102.5909000018146,1750.0349999972968,2407.8711999973166,1360.4341335999998,None,None,3015.8126000023913,20,unattended,odd,0.0,
